setting,scale,ratio,checkpoint_kind,snr,metric1_changed_pred_B_acc,metric2_changed_pred_A_acc,metric3_unchanged_pred_A_acc
scale_1pct_ratio_10pct,1,10,best,50,5.9,82.9,90.2
scale_1pct_ratio_10pct,1,10,best,45,6.1,82.4,90.1
scale_1pct_ratio_10pct,1,10,best,40,5.8,82.7,90.1
scale_1pct_ratio_10pct,1,10,best,30,5.6,82.9,89.2
scale_1pct_ratio_10pct,1,10,best,25,5.1,82.7,88.4
scale_1pct_ratio_10pct,1,10,best,20,4.8,82.0,86.8
scale_1pct_ratio_10pct,1,10,best,15,4.5,80.2,84.2
scale_1pct_ratio_10pct,1,10,best,10,6.3,75.9,79.5
scale_1pct_ratio_10pct,1,10,best,8,7.1,74.0,77.0
scale_1pct_ratio_10pct,1,10,best,6,7.0,71.5,73.1
scale_1pct_ratio_10pct,1,10,best,4,7.6,68.1,68.9
scale_1pct_ratio_10pct,1,10,best,2,10.2,62.2,63.1
scale_1pct_ratio_10pct,1,10,best,0,12.1,54.9,55.9
scale_1pct_ratio_10pct,1,10,last,50,99.7,0.2,99.9
scale_1pct_ratio_10pct,1,10,last,45,99.7,0.2,99.9
scale_1pct_ratio_10pct,1,10,last,40,99.6,0.3,99.9
scale_1pct_ratio_10pct,1,10,last,30,91.4,6.8,99.1
scale_1pct_ratio_10pct,1,10,last,25,75.1,20.4,97.4
scale_1pct_ratio_10pct,1,10,last,20,49.4,39.9,93.7
scale_1pct_ratio_10pct,1,10,last,15,29.3,55.0,87.2
scale_1pct_ratio_10pct,1,10,last,10,17.1,62.6,78.0
scale_1pct_ratio_10pct,1,10,last,8,14.7,61.2,73.8
scale_1pct_ratio_10pct,1,10,last,6,12.5,60.1,68.5
scale_1pct_ratio_10pct,1,10,last,4,11.3,57.5,62.8
scale_1pct_ratio_10pct,1,10,last,2,11.0,52.7,55.8
scale_1pct_ratio_10pct,1,10,last,0,11.8,45.3,47.4
scale_1pct_ratio_20pct,1,20,best,50,10.6,78.4,92.9
scale_1pct_ratio_20pct,1,20,best,45,10.5,78.7,92.7
scale_1pct_ratio_20pct,1,20,best,40,10.4,78.5,92.7
scale_1pct_ratio_20pct,1,20,best,30,9.7,79.4,91.9
scale_1pct_ratio_20pct,1,20,best,25,9.2,79.3,91.0
scale_1pct_ratio_20pct,1,20,best,20,8.3,79.8,88.8
scale_1pct_ratio_20pct,1,20,best,15,7.9,78.1,84.6
scale_1pct_ratio_20pct,1,20,best,10,7.8,73.9,78.1
scale_1pct_ratio_20pct,1,20,best,8,8.0,70.8,75.0
scale_1pct_ratio_20pct,1,20,best,6,8.3,67.2,70.8
scale_1pct_ratio_20pct,1,20,best,4,8.6,64.1,65.7
scale_1pct_ratio_20pct,1,20,best,2,9.8,57.9,59.6
scale_1pct_ratio_20pct,1,20,best,0,11.2,51.1,51.8
scale_1pct_ratio_20pct,1,20,last,50,99.9,0.1,99.9
scale_1pct_ratio_20pct,1,20,last,45,99.9,0.1,99.9
scale_1pct_ratio_20pct,1,20,last,40,99.7,0.2,99.9
scale_1pct_ratio_20pct,1,20,last,30,92.9,5.1,99.1
scale_1pct_ratio_20pct,1,20,last,25,78.3,16.3,97.0
scale_1pct_ratio_20pct,1,20,last,20,54.5,33.9,91.9
scale_1pct_ratio_20pct,1,20,last,15,31.5,50.3,83.5
scale_1pct_ratio_20pct,1,20,last,10,17.6,56.0,70.8
scale_1pct_ratio_20pct,1,20,last,8,16.6,54.1,64.7
scale_1pct_ratio_20pct,1,20,last,6,14.0,50.3,57.4
scale_1pct_ratio_20pct,1,20,last,4,13.4,45.9,49.8
scale_1pct_ratio_20pct,1,20,last,2,13.5,39.8,41.3
scale_1pct_ratio_20pct,1,20,last,0,14.3,32.8,35.2
scale_1pct_ratio_30pct,1,30,best,50,14.2,75.3,93.2
scale_1pct_ratio_30pct,1,30,best,45,14.1,75.3,93.0
scale_1pct_ratio_30pct,1,30,best,40,13.8,75.3,92.9
scale_1pct_ratio_30pct,1,30,best,30,12.2,76.8,92.1
scale_1pct_ratio_30pct,1,30,best,25,10.8,77.4,90.8
scale_1pct_ratio_30pct,1,30,best,20,9.2,77.5,88.2
scale_1pct_ratio_30pct,1,30,best,15,8.0,77.0,84.0
scale_1pct_ratio_30pct,1,30,best,10,7.5,73.1,77.3
scale_1pct_ratio_30pct,1,30,best,8,8.0,69.9,73.2
scale_1pct_ratio_30pct,1,30,best,6,8.9,66.1,68.1
scale_1pct_ratio_30pct,1,30,best,4,9.5,60.3,62.1
scale_1pct_ratio_30pct,1,30,best,2,11.1,51.8,52.1
scale_1pct_ratio_30pct,1,30,best,0,13.0,37.9,38.2
scale_1pct_ratio_30pct,1,30,last,50,99.8,0.1,99.9
scale_1pct_ratio_30pct,1,30,last,45,99.8,0.1,99.9
scale_1pct_ratio_30pct,1,30,last,40,99.7,0.2,99.8
scale_1pct_ratio_30pct,1,30,last,30,92.3,5.4,98.4
scale_1pct_ratio_30pct,1,30,last,25,78.3,14.9,95.4
scale_1pct_ratio_30pct,1,30,last,20,56.9,28.8,90.4
scale_1pct_ratio_30pct,1,30,last,15,34.7,43.3,81.0
scale_1pct_ratio_30pct,1,30,last,10,20.5,50.3,69.8
scale_1pct_ratio_30pct,1,30,last,8,18.2,49.3,63.1
scale_1pct_ratio_30pct,1,30,last,6,16.9,46.8,56.4
scale_1pct_ratio_30pct,1,30,last,4,16.3,43.3,49.5
scale_1pct_ratio_30pct,1,30,last,2,15.5,36.3,40.7
scale_1pct_ratio_30pct,1,30,last,0,13.5,30.0,31.1
scale_1pct_ratio_40pct,1,40,best,50,14.6,71.2,92.1
scale_1pct_ratio_40pct,1,40,best,45,14.4,71.3,92.0
scale_1pct_ratio_40pct,1,40,best,40,14.1,71.6,91.7
scale_1pct_ratio_40pct,1,40,best,30,12.8,73.0,90.5
scale_1pct_ratio_40pct,1,40,best,25,11.4,74.2,89.2
scale_1pct_ratio_40pct,1,40,best,20,10.1,74.9,87.1
scale_1pct_ratio_40pct,1,40,best,15,8.9,74.7,83.7
scale_1pct_ratio_40pct,1,40,best,10,8.0,72.9,78.0
scale_1pct_ratio_40pct,1,40,best,8,8.4,70.9,75.2
scale_1pct_ratio_40pct,1,40,best,6,8.7,68.8,72.2
scale_1pct_ratio_40pct,1,40,best,4,9.2,65.5,67.3
scale_1pct_ratio_40pct,1,40,best,2,10.1,61.0,62.4
scale_1pct_ratio_40pct,1,40,best,0,11.0,56.6,56.4
scale_1pct_ratio_40pct,1,40,last,50,99.7,0.1,99.9
scale_1pct_ratio_40pct,1,40,last,45,99.7,0.1,99.9
scale_1pct_ratio_40pct,1,40,last,40,99.3,0.3,99.8
scale_1pct_ratio_40pct,1,40,last,30,91.7,5.3,98.2
scale_1pct_ratio_40pct,1,40,last,25,78.0,14.2,95.3
scale_1pct_ratio_40pct,1,40,last,20,56.2,28.3,88.8
scale_1pct_ratio_40pct,1,40,last,15,34.0,42.2,79.4
scale_1pct_ratio_40pct,1,40,last,10,20.6,48.7,66.0
scale_1pct_ratio_40pct,1,40,last,8,18.4,47.6,59.8
scale_1pct_ratio_40pct,1,40,last,6,17.1,44.8,52.7
scale_1pct_ratio_40pct,1,40,last,4,16.5,41.4,46.3
scale_1pct_ratio_40pct,1,40,last,2,16.4,37.3,41.0
scale_1pct_ratio_40pct,1,40,last,0,15.9,34.1,35.9
scale_1pct_ratio_50pct,1,50,best,50,18.7,64.7,88.9
scale_1pct_ratio_50pct,1,50,best,45,18.5,64.8,88.7
scale_1pct_ratio_50pct,1,50,best,40,18.0,65.2,88.4
scale_1pct_ratio_50pct,1,50,best,30,16.2,67.1,86.4
scale_1pct_ratio_50pct,1,50,best,25,14.3,68.5,85.0
scale_1pct_ratio_50pct,1,50,best,20,12.3,69.8,81.7
scale_1pct_ratio_50pct,1,50,best,15,10.8,69.0,77.0
scale_1pct_ratio_50pct,1,50,best,10,10.2,65.1,69.7
scale_1pct_ratio_50pct,1,50,best,8,10.2,62.8,66.0
scale_1pct_ratio_50pct,1,50,best,6,10.6,58.0,60.9
scale_1pct_ratio_50pct,1,50,best,4,11.8,52.4,54.1
scale_1pct_ratio_50pct,1,50,best,2,13.5,45.1,46.9
scale_1pct_ratio_50pct,1,50,best,0,15.0,38.9,39.9
scale_1pct_ratio_50pct,1,50,last,50,99.9,0.1,99.8
scale_1pct_ratio_50pct,1,50,last,45,99.8,0.1,99.8
scale_1pct_ratio_50pct,1,50,last,40,99.3,0.4,99.7
scale_1pct_ratio_50pct,1,50,last,30,91.0,4.7,97.0
scale_1pct_ratio_50pct,1,50,last,25,79.8,10.9,93.0
scale_1pct_ratio_50pct,1,50,last,20,60.4,21.0,84.5
scale_1pct_ratio_50pct,1,50,last,15,39.9,31.9,71.7
scale_1pct_ratio_50pct,1,50,last,10,24.2,38.1,56.4
scale_1pct_ratio_50pct,1,50,last,8,21.7,37.7,49.9
scale_1pct_ratio_50pct,1,50,last,6,19.0,36.2,43.1
scale_1pct_ratio_50pct,1,50,last,4,17.6,30.8,35.8
scale_1pct_ratio_50pct,1,50,last,2,14.4,24.5,25.8
scale_1pct_ratio_50pct,1,50,last,0,11.3,15.5,16.4
scale_1pct_ratio_60pct,1,60,best,50,31.9,35.7,84.5
scale_1pct_ratio_60pct,1,60,best,45,31.4,36.1,84.4
scale_1pct_ratio_60pct,1,60,best,40,30.8,37.0,84.1
scale_1pct_ratio_60pct,1,60,best,30,27.0,40.5,80.8
scale_1pct_ratio_60pct,1,60,best,25,24.1,42.5,77.0
scale_1pct_ratio_60pct,1,60,best,20,20.5,45.1,72.3
scale_1pct_ratio_60pct,1,60,best,15,17.2,46.8,64.2
scale_1pct_ratio_60pct,1,60,best,10,16.2,43.9,53.5
scale_1pct_ratio_60pct,1,60,best,8,15.8,40.9,48.3
scale_1pct_ratio_60pct,1,60,best,6,15.9,37.7,43.0
scale_1pct_ratio_60pct,1,60,best,4,16.0,33.7,37.8
scale_1pct_ratio_60pct,1,60,best,2,16.9,28.5,31.9
scale_1pct_ratio_60pct,1,60,best,0,16.6,24.5,26.3
scale_1pct_ratio_60pct,1,60,last,50,99.4,0.2,99.6
scale_1pct_ratio_60pct,1,60,last,45,99.1,0.4,99.6
scale_1pct_ratio_60pct,1,60,last,40,97.6,0.7,99.1
scale_1pct_ratio_60pct,1,60,last,30,78.7,5.1,90.1
scale_1pct_ratio_60pct,1,60,last,25,60.2,9.6,78.1
scale_1pct_ratio_60pct,1,60,last,20,43.0,15.5,62.3
scale_1pct_ratio_60pct,1,60,last,15,31.0,21.1,47.6
scale_1pct_ratio_60pct,1,60,last,10,24.5,23.2,36.6
scale_1pct_ratio_60pct,1,60,last,8,22.1,23.8,32.5
scale_1pct_ratio_60pct,1,60,last,6,20.8,23.1,28.7
scale_1pct_ratio_60pct,1,60,last,4,20.0,21.2,25.7
scale_1pct_ratio_60pct,1,60,last,2,19.2,20.2,22.6
scale_1pct_ratio_60pct,1,60,last,0,18.8,17.3,18.6
scale_1pct_ratio_70pct,1,70,best,50,29.5,27.6,55.7
scale_1pct_ratio_70pct,1,70,best,45,29.5,27.4,55.5
scale_1pct_ratio_70pct,1,70,best,40,29.3,27.3,54.8
scale_1pct_ratio_70pct,1,70,best,30,27.7,25.2,49.9
scale_1pct_ratio_70pct,1,70,best,25,26.2,23.4,44.0
scale_1pct_ratio_70pct,1,70,best,20,23.6,23.6,37.8
scale_1pct_ratio_70pct,1,70,best,15,20.7,23.8,33.0
scale_1pct_ratio_70pct,1,70,best,10,19.2,23.7,28.8
scale_1pct_ratio_70pct,1,70,best,8,19.2,23.8,27.8
scale_1pct_ratio_70pct,1,70,best,6,19.2,24.0,26.3
scale_1pct_ratio_70pct,1,70,best,4,19.6,22.7,24.9
scale_1pct_ratio_70pct,1,70,best,2,20.1,21.9,23.8
scale_1pct_ratio_70pct,1,70,best,0,20.0,21.4,22.9
scale_1pct_ratio_70pct,1,70,last,50,99.1,0.2,99.5
scale_1pct_ratio_70pct,1,70,last,45,98.5,0.3,99.0
scale_1pct_ratio_70pct,1,70,last,40,95.5,1.0,97.2
scale_1pct_ratio_70pct,1,70,last,30,71.7,6.0,77.8
scale_1pct_ratio_70pct,1,70,last,25,53.9,9.4,57.5
scale_1pct_ratio_70pct,1,70,last,20,38.8,12.5,39.3
scale_1pct_ratio_70pct,1,70,last,15,29.9,13.4,27.4
scale_1pct_ratio_70pct,1,70,last,10,25.6,14.8,21.2
scale_1pct_ratio_70pct,1,70,last,8,23.9,15.3,19.1
scale_1pct_ratio_70pct,1,70,last,6,23.2,16.1,19.9
scale_1pct_ratio_70pct,1,70,last,4,22.0,16.4,18.2
scale_1pct_ratio_70pct,1,70,last,2,20.7,16.4,17.7
scale_1pct_ratio_70pct,1,70,last,0,20.9,15.8,16.2
scale_1pct_ratio_80pct,1,80,best,50,19.5,31.3,35.1
scale_1pct_ratio_80pct,1,80,best,45,19.5,31.2,35.0
scale_1pct_ratio_80pct,1,80,best,40,19.6,31.5,35.0
scale_1pct_ratio_80pct,1,80,best,30,18.1,33.3,35.2
scale_1pct_ratio_80pct,1,80,best,25,18.0,33.5,35.1
scale_1pct_ratio_80pct,1,80,best,20,17.7,33.5,34.8
scale_1pct_ratio_80pct,1,80,best,15,17.5,32.6,33.9
scale_1pct_ratio_80pct,1,80,best,10,17.7,30.7,31.5
scale_1pct_ratio_80pct,1,80,best,8,18.1,30.3,30.5
scale_1pct_ratio_80pct,1,80,best,6,17.6,29.9,30.6
scale_1pct_ratio_80pct,1,80,best,4,17.5,30.0,29.3
scale_1pct_ratio_80pct,1,80,best,2,17.5,28.9,29.6
scale_1pct_ratio_80pct,1,80,best,0,17.4,27.8,27.4
scale_1pct_ratio_80pct,1,80,last,50,99.0,0.3,98.8
scale_1pct_ratio_80pct,1,80,last,45,98.2,0.4,98.2
scale_1pct_ratio_80pct,1,80,last,40,95.0,1.4,94.7
scale_1pct_ratio_80pct,1,80,last,30,68.7,9.6,66.7
scale_1pct_ratio_80pct,1,80,last,25,51.2,16.1,53.0
scale_1pct_ratio_80pct,1,80,last,20,37.3,21.5,43.8
scale_1pct_ratio_80pct,1,80,last,15,27.3,25.9,37.5
scale_1pct_ratio_80pct,1,80,last,10,22.0,28.2,32.1
scale_1pct_ratio_80pct,1,80,last,8,20.2,28.7,32.2
scale_1pct_ratio_80pct,1,80,last,6,19.3,29.0,31.2
scale_1pct_ratio_80pct,1,80,last,4,18.5,28.4,29.0
scale_1pct_ratio_80pct,1,80,last,2,18.2,28.1,28.5
scale_1pct_ratio_80pct,1,80,last,0,18.2,26.6,27.0
scale_1pct_ratio_90pct,1,90,best,50,22.6,12.7,12.6
scale_1pct_ratio_90pct,1,90,best,45,22.8,12.3,11.8
scale_1pct_ratio_90pct,1,90,best,40,23.5,10.0,9.2
scale_1pct_ratio_90pct,1,90,best,30,24.3,4.9,5.2
scale_1pct_ratio_90pct,1,90,best,25,24.1,4.8,5.0
scale_1pct_ratio_90pct,1,90,best,20,23.6,4.8,4.4
scale_1pct_ratio_90pct,1,90,best,15,22.8,4.8,4.3
scale_1pct_ratio_90pct,1,90,best,10,20.6,6.1,6.5
scale_1pct_ratio_90pct,1,90,best,8,19.2,7.1,7.4
scale_1pct_ratio_90pct,1,90,best,6,17.7,7.6,7.3
scale_1pct_ratio_90pct,1,90,best,4,16.4,8.0,7.8
scale_1pct_ratio_90pct,1,90,best,2,15.6,8.8,8.7
scale_1pct_ratio_90pct,1,90,best,0,15.4,10.0,9.5
scale_1pct_ratio_90pct,1,90,last,50,99.8,0.0,99.3
scale_1pct_ratio_90pct,1,90,last,45,99.5,0.1,98.7
scale_1pct_ratio_90pct,1,90,last,40,97.7,0.2,96.1
scale_1pct_ratio_90pct,1,90,last,30,81.3,1.7,69.8
scale_1pct_ratio_90pct,1,90,last,25,66.0,3.2,50.0
scale_1pct_ratio_90pct,1,90,last,20,50.0,4.5,28.9
scale_1pct_ratio_90pct,1,90,last,15,37.9,6.2,19.2
scale_1pct_ratio_90pct,1,90,last,10,30.2,7.2,13.1
scale_1pct_ratio_90pct,1,90,last,8,27.9,7.9,12.1
scale_1pct_ratio_90pct,1,90,last,6,26.1,7.9,11.4
scale_1pct_ratio_90pct,1,90,last,4,24.0,8.5,11.8
scale_1pct_ratio_90pct,1,90,last,2,22.7,10.3,11.7
scale_1pct_ratio_90pct,1,90,last,0,20.4,12.5,14.6
scale_2pct_ratio_10pct,2,10,best,50,19.5,67.6,97.0
scale_2pct_ratio_10pct,2,10,best,45,19.3,67.9,96.9
scale_2pct_ratio_10pct,2,10,best,40,18.8,68.7,96.7
scale_2pct_ratio_10pct,2,10,best,30,16.4,71.3,95.4
scale_2pct_ratio_10pct,2,10,best,25,14.4,72.5,93.7
scale_2pct_ratio_10pct,2,10,best,20,11.7,74.3,90.7
scale_2pct_ratio_10pct,2,10,best,15,9.1,75.7,85.8
scale_2pct_ratio_10pct,2,10,best,10,8.6,73.3,78.6
scale_2pct_ratio_10pct,2,10,best,8,8.3,70.5,74.3
scale_2pct_ratio_10pct,2,10,best,6,9.2,66.4,69.5
scale_2pct_ratio_10pct,2,10,best,4,9.8,60.9,63.6
scale_2pct_ratio_10pct,2,10,best,2,11.3,55.3,56.4
scale_2pct_ratio_10pct,2,10,best,0,13.0,47.4,48.4
scale_2pct_ratio_10pct,2,10,last,50,99.9,0.1,100.0
scale_2pct_ratio_10pct,2,10,last,45,99.9,0.1,100.0
scale_2pct_ratio_10pct,2,10,last,40,99.7,0.2,99.9
scale_2pct_ratio_10pct,2,10,last,30,91.4,6.6,99.1
scale_2pct_ratio_10pct,2,10,last,25,76.7,18.1,97.3
scale_2pct_ratio_10pct,2,10,last,20,54.1,35.0,93.5
scale_2pct_ratio_10pct,2,10,last,15,30.1,53.2,86.4
scale_2pct_ratio_10pct,2,10,last,10,17.0,59.6,75.3
scale_2pct_ratio_10pct,2,10,last,8,14.7,59.0,69.6
scale_2pct_ratio_10pct,2,10,last,6,14.6,54.4,63.1
scale_2pct_ratio_10pct,2,10,last,4,13.3,50.7,56.0
scale_2pct_ratio_10pct,2,10,last,2,13.8,44.1,48.3
scale_2pct_ratio_10pct,2,10,last,0,13.2,37.3,40.1
scale_2pct_ratio_20pct,2,20,best,50,24.3,61.7,97.1
scale_2pct_ratio_20pct,2,20,best,45,24.0,62.3,97.1
scale_2pct_ratio_20pct,2,20,best,40,23.5,63.0,96.9
scale_2pct_ratio_20pct,2,20,best,30,20.5,66.1,95.7
scale_2pct_ratio_20pct,2,20,best,25,18.0,68.5,93.8
scale_2pct_ratio_20pct,2,20,best,20,14.0,71.4,90.2
scale_2pct_ratio_20pct,2,20,best,15,11.1,71.7,84.4
scale_2pct_ratio_20pct,2,20,best,10,9.8,68.5,76.1
scale_2pct_ratio_20pct,2,20,best,8,9.2,66.3,71.9
scale_2pct_ratio_20pct,2,20,best,6,10.2,62.5,66.8
scale_2pct_ratio_20pct,2,20,best,4,10.1,58.7,60.8
scale_2pct_ratio_20pct,2,20,best,2,11.3,50.6,53.1
scale_2pct_ratio_20pct,2,20,best,0,11.7,43.0,43.9
scale_2pct_ratio_20pct,2,20,last,50,99.8,0.2,100.0
scale_2pct_ratio_20pct,2,20,last,45,99.8,0.2,100.0
scale_2pct_ratio_20pct,2,20,last,40,99.3,0.5,99.9
scale_2pct_ratio_20pct,2,20,last,30,87.7,9.0,98.6
scale_2pct_ratio_20pct,2,20,last,25,69.9,22.3,96.0
scale_2pct_ratio_20pct,2,20,last,20,47.9,39.2,90.9
scale_2pct_ratio_20pct,2,20,last,15,27.9,52.0,82.2
scale_2pct_ratio_20pct,2,20,last,10,17.3,54.1,69.4
scale_2pct_ratio_20pct,2,20,last,8,15.3,52.9,62.9
scale_2pct_ratio_20pct,2,20,last,6,15.1,47.7,55.9
scale_2pct_ratio_20pct,2,20,last,4,14.8,42.5,47.9
scale_2pct_ratio_20pct,2,20,last,2,15.1,36.6,40.0
scale_2pct_ratio_20pct,2,20,last,0,15.2,30.8,32.4
scale_2pct_ratio_30pct,2,30,best,50,14.6,74.1,95.1
scale_2pct_ratio_30pct,2,30,best,45,14.5,74.3,95.0
scale_2pct_ratio_30pct,2,30,best,40,14.2,74.7,94.9
scale_2pct_ratio_30pct,2,30,best,30,12.6,76.5,93.9
scale_2pct_ratio_30pct,2,30,best,25,11.2,77.2,92.6
scale_2pct_ratio_30pct,2,30,best,20,10.0,77.3,89.9
scale_2pct_ratio_30pct,2,30,best,15,8.3,76.9,85.4
scale_2pct_ratio_30pct,2,30,best,10,7.9,73.2,78.3
scale_2pct_ratio_30pct,2,30,best,8,8.2,70.3,74.5
scale_2pct_ratio_30pct,2,30,best,6,8.6,67.1,69.9
scale_2pct_ratio_30pct,2,30,best,4,9.5,62.6,64.7
scale_2pct_ratio_30pct,2,30,best,2,10.6,56.9,58.4
scale_2pct_ratio_30pct,2,30,best,0,11.8,51.1,51.8
scale_2pct_ratio_30pct,2,30,last,50,99.9,0.1,100.0
scale_2pct_ratio_30pct,2,30,last,45,99.8,0.2,99.9
scale_2pct_ratio_30pct,2,30,last,40,98.9,0.8,99.8
scale_2pct_ratio_30pct,2,30,last,30,86.3,9.4,98.3
scale_2pct_ratio_30pct,2,30,last,25,70.7,20.8,95.6
scale_2pct_ratio_30pct,2,30,last,20,49.4,35.4,90.2
scale_2pct_ratio_30pct,2,30,last,15,31.2,47.6,81.9
scale_2pct_ratio_30pct,2,30,last,10,18.9,52.5,69.4
scale_2pct_ratio_30pct,2,30,last,8,16.5,51.1,63.2
scale_2pct_ratio_30pct,2,30,last,6,15.9,47.8,57.0
scale_2pct_ratio_30pct,2,30,last,4,14.2,43.1,48.8
scale_2pct_ratio_30pct,2,30,last,2,13.2,36.0,40.2
scale_2pct_ratio_30pct,2,30,last,0,12.2,29.4,32.1
scale_2pct_ratio_40pct,2,40,best,50,25.8,57.1,96.5
scale_2pct_ratio_40pct,2,40,best,45,25.3,57.7,96.5
scale_2pct_ratio_40pct,2,40,best,40,24.8,58.9,96.3
scale_2pct_ratio_40pct,2,40,best,30,21.9,62.2,95.3
scale_2pct_ratio_40pct,2,40,best,25,19.1,65.2,93.6
scale_2pct_ratio_40pct,2,40,best,20,15.7,67.9,90.4
scale_2pct_ratio_40pct,2,40,best,15,12.4,69.4,84.8
scale_2pct_ratio_40pct,2,40,best,10,9.9,67.9,76.5
scale_2pct_ratio_40pct,2,40,best,8,9.8,66.2,72.3
scale_2pct_ratio_40pct,2,40,best,6,9.8,62.6,67.3
scale_2pct_ratio_40pct,2,40,best,4,10.7,57.6,60.8
scale_2pct_ratio_40pct,2,40,best,2,11.9,50.0,51.1
scale_2pct_ratio_40pct,2,40,best,0,13.9,39.2,39.8
scale_2pct_ratio_40pct,2,40,last,50,99.9,0.1,99.9
scale_2pct_ratio_40pct,2,40,last,45,99.8,0.1,99.9
scale_2pct_ratio_40pct,2,40,last,40,99.5,0.3,99.8
scale_2pct_ratio_40pct,2,40,last,30,91.2,5.7,98.4
scale_2pct_ratio_40pct,2,40,last,25,77.3,14.4,95.5
scale_2pct_ratio_40pct,2,40,last,20,55.9,28.8,89.3
scale_2pct_ratio_40pct,2,40,last,15,35.1,41.7,79.9
scale_2pct_ratio_40pct,2,40,last,10,21.7,47.4,66.4
scale_2pct_ratio_40pct,2,40,last,8,19.4,46.8,60.7
scale_2pct_ratio_40pct,2,40,last,6,18.2,43.8,53.8
scale_2pct_ratio_40pct,2,40,last,4,16.4,40.2,46.1
scale_2pct_ratio_40pct,2,40,last,2,15.6,35.3,38.5
scale_2pct_ratio_40pct,2,40,last,0,14.9,29.3,31.0
scale_2pct_ratio_50pct,2,50,best,50,14.3,71.3,90.7
scale_2pct_ratio_50pct,2,50,best,45,14.2,71.2,90.7
scale_2pct_ratio_50pct,2,50,best,40,13.8,71.5,90.1
scale_2pct_ratio_50pct,2,50,best,30,13.0,71.5,88.4
scale_2pct_ratio_50pct,2,50,best,25,11.8,71.9,86.5
scale_2pct_ratio_50pct,2,50,best,20,10.5,72.0,84.0
scale_2pct_ratio_50pct,2,50,best,15,9.4,70.9,79.6
scale_2pct_ratio_50pct,2,50,best,10,9.5,66.1,70.4
scale_2pct_ratio_50pct,2,50,best,8,10.2,61.9,65.1
scale_2pct_ratio_50pct,2,50,best,6,11.5,55.3,57.6
scale_2pct_ratio_50pct,2,50,best,4,12.5,48.9,50.3
scale_2pct_ratio_50pct,2,50,best,2,14.6,41.8,42.1
scale_2pct_ratio_50pct,2,50,best,0,16.6,33.4,33.0
scale_2pct_ratio_50pct,2,50,last,50,99.9,0.1,100.0
scale_2pct_ratio_50pct,2,50,last,45,99.8,0.1,99.9
scale_2pct_ratio_50pct,2,50,last,40,99.3,0.3,99.7
scale_2pct_ratio_50pct,2,50,last,30,90.9,3.9,96.9
scale_2pct_ratio_50pct,2,50,last,25,76.6,10.5,91.6
scale_2pct_ratio_50pct,2,50,last,20,55.4,21.5,82.0
scale_2pct_ratio_50pct,2,50,last,15,35.0,32.2,67.4
scale_2pct_ratio_50pct,2,50,last,10,22.6,36.8,52.6
scale_2pct_ratio_50pct,2,50,last,8,20.2,36.8,46.3
scale_2pct_ratio_50pct,2,50,last,6,18.6,34.1,40.8
scale_2pct_ratio_50pct,2,50,last,4,17.7,30.6,33.6
scale_2pct_ratio_50pct,2,50,last,2,17.5,25.9,27.0
scale_2pct_ratio_50pct,2,50,last,0,16.8,20.8,21.5
scale_2pct_ratio_60pct,2,60,best,50,23.2,52.3,87.8
scale_2pct_ratio_60pct,2,60,best,45,22.9,52.5,87.6
scale_2pct_ratio_60pct,2,60,best,40,22.4,53.0,87.3
scale_2pct_ratio_60pct,2,60,best,30,20.1,54.9,85.1
scale_2pct_ratio_60pct,2,60,best,25,18.1,57.0,82.9
scale_2pct_ratio_60pct,2,60,best,20,15.8,58.8,79.5
scale_2pct_ratio_60pct,2,60,best,15,13.4,60.0,73.6
scale_2pct_ratio_60pct,2,60,best,10,12.2,57.2,65.3
scale_2pct_ratio_60pct,2,60,best,8,12.1,54.2,60.2
scale_2pct_ratio_60pct,2,60,best,6,12.4,49.7,54.7
scale_2pct_ratio_60pct,2,60,best,4,12.9,45.2,48.2
scale_2pct_ratio_60pct,2,60,best,2,13.4,39.7,42.3
scale_2pct_ratio_60pct,2,60,best,0,14.1,35.4,36.7
scale_2pct_ratio_60pct,2,60,last,50,99.9,0.1,99.9
scale_2pct_ratio_60pct,2,60,last,45,99.7,0.1,99.8
scale_2pct_ratio_60pct,2,60,last,40,98.4,0.3,99.3
scale_2pct_ratio_60pct,2,60,last,30,82.5,3.9,92.2
scale_2pct_ratio_60pct,2,60,last,25,64.9,9.2,82.4
scale_2pct_ratio_60pct,2,60,last,20,46.5,16.3,68.6
scale_2pct_ratio_60pct,2,60,last,15,32.0,22.4,51.7
scale_2pct_ratio_60pct,2,60,last,10,24.2,25.8,38.0
scale_2pct_ratio_60pct,2,60,last,8,21.4,26.0,34.8
scale_2pct_ratio_60pct,2,60,last,6,20.2,25.4,31.5
scale_2pct_ratio_60pct,2,60,last,4,19.6,24.6,28.1
scale_2pct_ratio_60pct,2,60,last,2,18.9,22.8,25.0
scale_2pct_ratio_60pct,2,60,last,0,17.7,19.7,20.5
scale_2pct_ratio_70pct,2,70,best,50,24.4,40.3,59.4
scale_2pct_ratio_70pct,2,70,best,45,24.2,40.2,58.9
scale_2pct_ratio_70pct,2,70,best,40,23.5,40.6,58.1
scale_2pct_ratio_70pct,2,70,best,30,21.8,41.7,55.9
scale_2pct_ratio_70pct,2,70,best,25,20.9,42.0,54.3
scale_2pct_ratio_70pct,2,70,best,20,19.4,42.2,52.8
scale_2pct_ratio_70pct,2,70,best,15,17.5,43.2,50.4
scale_2pct_ratio_70pct,2,70,best,10,15.9,44.0,49.0
scale_2pct_ratio_70pct,2,70,best,8,15.2,44.4,48.6
scale_2pct_ratio_70pct,2,70,best,6,14.8,44.0,47.1
scale_2pct_ratio_70pct,2,70,best,4,14.8,42.9,45.1
scale_2pct_ratio_70pct,2,70,best,2,14.8,41.0,42.1
scale_2pct_ratio_70pct,2,70,best,0,15.2,38.2,39.5
scale_2pct_ratio_70pct,2,70,last,50,99.8,0.1,99.9
scale_2pct_ratio_70pct,2,70,last,45,99.3,0.2,99.6
scale_2pct_ratio_70pct,2,70,last,40,96.8,0.7,98.0
scale_2pct_ratio_70pct,2,70,last,30,75.1,5.7,84.4
scale_2pct_ratio_70pct,2,70,last,25,59.2,10.9,73.9
scale_2pct_ratio_70pct,2,70,last,20,43.8,17.5,61.2
scale_2pct_ratio_70pct,2,70,last,15,31.2,24.3,49.5
scale_2pct_ratio_70pct,2,70,last,10,22.5,28.7,39.6
scale_2pct_ratio_70pct,2,70,last,8,20.3,29.8,36.7
scale_2pct_ratio_70pct,2,70,last,6,19.3,29.3,34.1
scale_2pct_ratio_70pct,2,70,last,4,18.2,28.0,30.5
scale_2pct_ratio_70pct,2,70,last,2,17.9,24.5,25.7
scale_2pct_ratio_70pct,2,70,last,0,19.1,19.3,19.6
scale_2pct_ratio_80pct,2,80,best,50,18.3,29.9,33.2
scale_2pct_ratio_80pct,2,80,best,45,18.6,28.9,32.6
scale_2pct_ratio_80pct,2,80,best,40,19.0,27.6,31.5
scale_2pct_ratio_80pct,2,80,best,30,19.1,27.4,30.9
scale_2pct_ratio_80pct,2,80,best,25,18.5,28.7,32.1
scale_2pct_ratio_80pct,2,80,best,20,17.9,29.9,32.6
scale_2pct_ratio_80pct,2,80,best,15,17.5,30.5,32.6
scale_2pct_ratio_80pct,2,80,best,10,16.7,31.6,33.6
scale_2pct_ratio_80pct,2,80,best,8,16.1,31.8,33.4
scale_2pct_ratio_80pct,2,80,best,6,15.7,32.0,32.9
scale_2pct_ratio_80pct,2,80,best,4,16.0,31.8,32.4
scale_2pct_ratio_80pct,2,80,best,2,16.7,30.4,31.4
scale_2pct_ratio_80pct,2,80,best,0,17.1,30.1,30.4
scale_2pct_ratio_80pct,2,80,last,50,98.2,0.4,98.5
scale_2pct_ratio_80pct,2,80,last,45,96.6,0.9,96.7
scale_2pct_ratio_80pct,2,80,last,40,91.4,2.3,91.9
scale_2pct_ratio_80pct,2,80,last,30,67.0,8.8,67.2
scale_2pct_ratio_80pct,2,80,last,25,50.7,12.4,50.4
scale_2pct_ratio_80pct,2,80,last,20,37.7,14.3,35.4
scale_2pct_ratio_80pct,2,80,last,15,28.6,16.0,25.9
scale_2pct_ratio_80pct,2,80,last,10,24.1,16.1,20.0
scale_2pct_ratio_80pct,2,80,last,8,22.6,16.3,18.9
scale_2pct_ratio_80pct,2,80,last,6,21.5,16.0,17.4
scale_2pct_ratio_80pct,2,80,last,4,21.0,15.5,16.8
scale_2pct_ratio_80pct,2,80,last,2,20.8,14.5,14.3
scale_2pct_ratio_80pct,2,80,last,0,21.4,12.6,12.9
scale_2pct_ratio_90pct,2,90,best,50,23.3,9.6,10.0
scale_2pct_ratio_90pct,2,90,best,45,23.4,9.6,10.0
scale_2pct_ratio_90pct,2,90,best,40,23.2,9.8,10.1
scale_2pct_ratio_90pct,2,90,best,30,23.3,9.8,10.4
scale_2pct_ratio_90pct,2,90,best,25,22.7,11.2,11.6
scale_2pct_ratio_90pct,2,90,best,20,22.5,11.4,12.1
scale_2pct_ratio_90pct,2,90,best,15,22.9,9.9,9.7
scale_2pct_ratio_90pct,2,90,best,10,23.2,7.9,6.8
scale_2pct_ratio_90pct,2,90,best,8,23.6,6.9,6.2
scale_2pct_ratio_90pct,2,90,best,6,23.8,5.7,5.5
scale_2pct_ratio_90pct,2,90,best,4,24.0,4.6,4.7
scale_2pct_ratio_90pct,2,90,best,2,23.9,4.4,4.4
scale_2pct_ratio_90pct,2,90,best,0,23.8,4.4,4.6
scale_2pct_ratio_90pct,2,90,last,50,99.8,0.0,99.8
scale_2pct_ratio_90pct,2,90,last,45,99.5,0.1,99.3
scale_2pct_ratio_90pct,2,90,last,40,98.0,0.2,97.1
scale_2pct_ratio_90pct,2,90,last,30,81.3,1.6,65.8
scale_2pct_ratio_90pct,2,90,last,25,64.7,2.8,42.6
scale_2pct_ratio_90pct,2,90,last,20,48.9,3.7,23.9
scale_2pct_ratio_90pct,2,90,last,15,37.4,4.3,13.8
scale_2pct_ratio_90pct,2,90,last,10,29.5,5.4,9.7
scale_2pct_ratio_90pct,2,90,last,8,28.0,5.5,8.7
scale_2pct_ratio_90pct,2,90,last,6,26.4,5.9,8.3
scale_2pct_ratio_90pct,2,90,last,4,25.4,6.1,8.4
scale_2pct_ratio_90pct,2,90,last,2,24.8,6.5,7.3
scale_2pct_ratio_90pct,2,90,last,0,24.0,6.9,8.1
scale_3pct_ratio_10pct,3,10,best,50,18.6,69.3,96.7
scale_3pct_ratio_10pct,3,10,best,45,18.3,69.8,96.7
scale_3pct_ratio_10pct,3,10,best,40,17.7,70.6,96.5
scale_3pct_ratio_10pct,3,10,best,30,15.2,73.1,95.6
scale_3pct_ratio_10pct,3,10,best,25,13.1,75.0,94.3
scale_3pct_ratio_10pct,3,10,best,20,11.1,76.6,91.6
scale_3pct_ratio_10pct,3,10,best,15,8.0,77.4,86.8
scale_3pct_ratio_10pct,3,10,best,10,7.9,74.0,79.1
scale_3pct_ratio_10pct,3,10,best,8,7.6,71.5,74.6
scale_3pct_ratio_10pct,3,10,best,6,8.8,67.2,68.9
scale_3pct_ratio_10pct,3,10,best,4,9.9,61.4,62.7
scale_3pct_ratio_10pct,3,10,best,2,10.9,55.2,54.8
scale_3pct_ratio_10pct,3,10,best,0,13.0,46.5,46.6
scale_3pct_ratio_10pct,3,10,last,50,99.9,0.1,100.0
scale_3pct_ratio_10pct,3,10,last,45,99.8,0.1,100.0
scale_3pct_ratio_10pct,3,10,last,40,99.3,0.5,99.9
scale_3pct_ratio_10pct,3,10,last,30,88.6,9.0,99.1
scale_3pct_ratio_10pct,3,10,last,25,70.6,23.4,97.3
scale_3pct_ratio_10pct,3,10,last,20,44.6,44.2,93.9
scale_3pct_ratio_10pct,3,10,last,15,23.8,60.9,87.8
scale_3pct_ratio_10pct,3,10,last,10,13.8,65.7,78.7
scale_3pct_ratio_10pct,3,10,last,8,12.6,64.7,73.9
scale_3pct_ratio_10pct,3,10,last,6,12.2,62.2,68.3
scale_3pct_ratio_10pct,3,10,last,4,12.0,58.3,62.6
scale_3pct_ratio_10pct,3,10,last,2,12.1,52.5,55.6
scale_3pct_ratio_10pct,3,10,last,0,14.2,46.1,48.1
scale_3pct_ratio_20pct,3,20,best,50,22.3,63.2,97.1
scale_3pct_ratio_20pct,3,20,best,45,22.0,63.4,97.0
scale_3pct_ratio_20pct,3,20,best,40,21.5,64.0,96.9
scale_3pct_ratio_20pct,3,20,best,30,18.7,67.6,96.0
scale_3pct_ratio_20pct,3,20,best,25,16.4,70.4,94.6
scale_3pct_ratio_20pct,3,20,best,20,13.0,73.8,92.1
scale_3pct_ratio_20pct,3,20,best,15,9.9,75.4,87.1
scale_3pct_ratio_20pct,3,20,best,10,8.7,73.0,78.9
scale_3pct_ratio_20pct,3,20,best,8,8.7,70.2,74.3
scale_3pct_ratio_20pct,3,20,best,6,9.4,66.3,68.8
scale_3pct_ratio_20pct,3,20,best,4,10.4,60.6,62.8
scale_3pct_ratio_20pct,3,20,best,2,11.2,54.4,55.8
scale_3pct_ratio_20pct,3,20,best,0,12.3,47.1,48.2
scale_3pct_ratio_20pct,3,20,last,50,99.9,0.1,100.0
scale_3pct_ratio_20pct,3,20,last,45,99.8,0.1,100.0
scale_3pct_ratio_20pct,3,20,last,40,99.5,0.4,99.9
scale_3pct_ratio_20pct,3,20,last,30,90.6,7.0,99.1
scale_3pct_ratio_20pct,3,20,last,25,75.4,18.7,97.3
scale_3pct_ratio_20pct,3,20,last,20,51.5,36.6,93.0
scale_3pct_ratio_20pct,3,20,last,15,28.5,53.2,84.9
scale_3pct_ratio_20pct,3,20,last,10,16.2,58.7,73.2
scale_3pct_ratio_20pct,3,20,last,8,13.9,58.5,67.5
scale_3pct_ratio_20pct,3,20,last,6,12.9,55.1,61.1
scale_3pct_ratio_20pct,3,20,last,4,13.1,50.4,54.0
scale_3pct_ratio_20pct,3,20,last,2,13.4,45.0,46.5
scale_3pct_ratio_20pct,3,20,last,0,13.3,37.9,38.9
scale_3pct_ratio_30pct,3,30,best,50,15.9,72.0,96.0
scale_3pct_ratio_30pct,3,30,best,45,15.7,72.2,95.9
scale_3pct_ratio_30pct,3,30,best,40,15.5,72.5,95.7
scale_3pct_ratio_30pct,3,30,best,30,13.8,74.3,94.7
scale_3pct_ratio_30pct,3,30,best,25,12.2,75.8,93.4
scale_3pct_ratio_30pct,3,30,best,20,10.4,76.8,90.7
scale_3pct_ratio_30pct,3,30,best,15,8.6,76.4,86.0
scale_3pct_ratio_30pct,3,30,best,10,8.2,72.8,78.4
scale_3pct_ratio_30pct,3,30,best,8,8.7,69.6,74.4
scale_3pct_ratio_30pct,3,30,best,6,8.8,66.5,69.7
scale_3pct_ratio_30pct,3,30,best,4,9.8,61.9,64.1
scale_3pct_ratio_30pct,3,30,best,2,10.9,56.6,57.7
scale_3pct_ratio_30pct,3,30,best,0,12.0,50.0,50.0
scale_3pct_ratio_30pct,3,30,last,50,99.9,0.1,100.0
scale_3pct_ratio_30pct,3,30,last,45,99.8,0.1,100.0
scale_3pct_ratio_30pct,3,30,last,40,99.2,0.5,99.9
scale_3pct_ratio_30pct,3,30,last,30,87.7,7.8,98.5
scale_3pct_ratio_30pct,3,30,last,25,72.1,18.3,95.8
scale_3pct_ratio_30pct,3,30,last,20,50.1,33.6,90.6
scale_3pct_ratio_30pct,3,30,last,15,29.6,48.1,81.6
scale_3pct_ratio_30pct,3,30,last,10,18.1,53.2,68.7
scale_3pct_ratio_30pct,3,30,last,8,15.9,52.2,62.0
scale_3pct_ratio_30pct,3,30,last,6,15.2,48.0,55.2
scale_3pct_ratio_30pct,3,30,last,4,14.5,43.1,47.3
scale_3pct_ratio_30pct,3,30,last,2,14.1,35.7,37.9
scale_3pct_ratio_30pct,3,30,last,0,12.2,26.6,28.1
scale_3pct_ratio_40pct,3,40,best,50,23.1,60.1,96.1
scale_3pct_ratio_40pct,3,40,best,45,22.8,60.4,96.0
scale_3pct_ratio_40pct,3,40,best,40,22.5,61.0,95.9
scale_3pct_ratio_40pct,3,40,best,30,20.1,63.9,94.7
scale_3pct_ratio_40pct,3,40,best,25,17.6,66.4,92.9
scale_3pct_ratio_40pct,3,40,best,20,14.5,69.1,89.6
scale_3pct_ratio_40pct,3,40,best,15,11.7,70.2,83.9
scale_3pct_ratio_40pct,3,40,best,10,9.9,67.8,75.4
scale_3pct_ratio_40pct,3,40,best,8,10.2,65.2,70.9
scale_3pct_ratio_40pct,3,40,best,6,10.3,62.2,66.1
scale_3pct_ratio_40pct,3,40,best,4,10.6,58.6,60.8
scale_3pct_ratio_40pct,3,40,best,2,11.9,53.8,55.0
scale_3pct_ratio_40pct,3,40,best,0,13.2,47.1,48.4
scale_3pct_ratio_40pct,3,40,last,50,99.9,0.1,100.0
scale_3pct_ratio_40pct,3,40,last,45,99.9,0.1,99.9
scale_3pct_ratio_40pct,3,40,last,40,99.2,0.5,99.8
scale_3pct_ratio_40pct,3,40,last,30,88.0,7.2,98.0
scale_3pct_ratio_40pct,3,40,last,25,71.3,17.9,94.6
scale_3pct_ratio_40pct,3,40,last,20,48.3,33.1,88.3
scale_3pct_ratio_40pct,3,40,last,15,28.7,46.1,77.6
scale_3pct_ratio_40pct,3,40,last,10,17.7,49.5,63.5
scale_3pct_ratio_40pct,3,40,last,8,15.8,47.9,57.2
scale_3pct_ratio_40pct,3,40,last,6,14.5,44.5,49.9
scale_3pct_ratio_40pct,3,40,last,4,13.4,39.9,42.8
scale_3pct_ratio_40pct,3,40,last,2,12.9,35.0,35.7
scale_3pct_ratio_40pct,3,40,last,0,12.7,30.4,30.5
scale_3pct_ratio_50pct,3,50,best,50,18.7,65.0,94.2
scale_3pct_ratio_50pct,3,50,best,45,18.6,65.2,94.3
scale_3pct_ratio_50pct,3,50,best,40,18.2,65.6,94.0
scale_3pct_ratio_50pct,3,50,best,30,16.4,67.4,92.7
scale_3pct_ratio_50pct,3,50,best,25,14.6,69.0,90.8
scale_3pct_ratio_50pct,3,50,best,20,12.3,70.6,87.4
scale_3pct_ratio_50pct,3,50,best,15,10.2,71.0,81.3
scale_3pct_ratio_50pct,3,50,best,10,9.4,66.9,72.1
scale_3pct_ratio_50pct,3,50,best,8,9.7,64.0,67.5
scale_3pct_ratio_50pct,3,50,best,6,10.1,59.1,62.0
scale_3pct_ratio_50pct,3,50,best,4,11.4,53.6,55.2
scale_3pct_ratio_50pct,3,50,best,2,12.6,47.8,48.3
scale_3pct_ratio_50pct,3,50,best,0,13.7,41.4,41.9
scale_3pct_ratio_50pct,3,50,last,50,99.9,0.1,100.0
scale_3pct_ratio_50pct,3,50,last,45,99.8,0.1,99.9
scale_3pct_ratio_50pct,3,50,last,40,99.0,0.5,99.7
scale_3pct_ratio_50pct,3,50,last,30,84.9,6.9,96.0
scale_3pct_ratio_50pct,3,50,last,25,66.8,16.3,90.2
scale_3pct_ratio_50pct,3,50,last,20,44.7,28.6,79.6
scale_3pct_ratio_50pct,3,50,last,15,27.9,36.6,64.3
scale_3pct_ratio_50pct,3,50,last,10,19.3,35.4,46.4
scale_3pct_ratio_50pct,3,50,last,8,17.6,32.0,38.7
scale_3pct_ratio_50pct,3,50,last,6,16.2,26.4,30.2
scale_3pct_ratio_50pct,3,50,last,4,14.1,21.5,23.4
scale_3pct_ratio_50pct,3,50,last,2,11.8,16.0,16.5
scale_3pct_ratio_50pct,3,50,last,0,9.2,9.8,10.2
scale_3pct_ratio_60pct,3,60,best,50,14.3,69.9,89.9
scale_3pct_ratio_60pct,3,60,best,45,14.1,70.2,89.7
scale_3pct_ratio_60pct,3,60,best,40,13.8,70.6,89.6
scale_3pct_ratio_60pct,3,60,best,30,12.6,71.5,88.3
scale_3pct_ratio_60pct,3,60,best,25,11.6,72.1,87.0
scale_3pct_ratio_60pct,3,60,best,20,10.3,72.0,84.1
scale_3pct_ratio_60pct,3,60,best,15,9.4,70.6,79.0
scale_3pct_ratio_60pct,3,60,best,10,9.7,65.0,70.1
scale_3pct_ratio_60pct,3,60,best,8,10.0,61.8,65.3
scale_3pct_ratio_60pct,3,60,best,6,10.5,57.3,59.9
scale_3pct_ratio_60pct,3,60,best,4,11.2,52.6,54.3
scale_3pct_ratio_60pct,3,60,best,2,12.0,46.6,48.0
scale_3pct_ratio_60pct,3,60,best,0,12.9,40.2,41.6
scale_3pct_ratio_60pct,3,60,last,50,99.9,0.0,99.9
scale_3pct_ratio_60pct,3,60,last,45,99.5,0.1,99.8
scale_3pct_ratio_60pct,3,60,last,40,97.7,0.4,99.0
scale_3pct_ratio_60pct,3,60,last,30,78.4,4.4,90.0
scale_3pct_ratio_60pct,3,60,last,25,60.6,9.7,78.9
scale_3pct_ratio_60pct,3,60,last,20,42.9,17.1,65.8
scale_3pct_ratio_60pct,3,60,last,15,29.6,25.0,52.9
scale_3pct_ratio_60pct,3,60,last,10,21.8,31.5,44.4
scale_3pct_ratio_60pct,3,60,last,8,20.1,32.4,41.9
scale_3pct_ratio_60pct,3,60,last,6,18.8,33.0,39.0
scale_3pct_ratio_60pct,3,60,last,4,17.6,32.6,36.4
scale_3pct_ratio_60pct,3,60,last,2,17.2,30.5,33.6
scale_3pct_ratio_60pct,3,60,last,0,17.1,27.9,29.8
scale_3pct_ratio_70pct,3,70,best,50,22.7,42.3,66.3
scale_3pct_ratio_70pct,3,70,best,45,22.6,42.4,66.1
scale_3pct_ratio_70pct,3,70,best,40,22.3,42.8,65.8
scale_3pct_ratio_70pct,3,70,best,30,20.9,43.6,64.4
scale_3pct_ratio_70pct,3,70,best,25,20.0,44.0,62.3
scale_3pct_ratio_70pct,3,70,best,20,18.4,44.1,59.1
scale_3pct_ratio_70pct,3,70,best,15,16.7,43.3,53.9
scale_3pct_ratio_70pct,3,70,best,10,15.9,40.3,45.8
scale_3pct_ratio_70pct,3,70,best,8,15.7,38.7,42.0
scale_3pct_ratio_70pct,3,70,best,6,16.3,36.1,38.7
scale_3pct_ratio_70pct,3,70,best,4,16.6,33.3,35.3
scale_3pct_ratio_70pct,3,70,best,2,16.8,30.9,32.1
scale_3pct_ratio_70pct,3,70,best,0,17.0,29.0,29.1
scale_3pct_ratio_70pct,3,70,last,50,99.2,0.1,99.8
scale_3pct_ratio_70pct,3,70,last,45,98.4,0.2,99.2
scale_3pct_ratio_70pct,3,70,last,40,94.7,0.9,96.8
scale_3pct_ratio_70pct,3,70,last,30,70.8,4.9,79.8
scale_3pct_ratio_70pct,3,70,last,25,53.2,9.2,64.0
scale_3pct_ratio_70pct,3,70,last,20,37.7,14.3,49.0
scale_3pct_ratio_70pct,3,70,last,15,27.7,19.2,36.8
scale_3pct_ratio_70pct,3,70,last,10,21.7,22.3,28.5
scale_3pct_ratio_70pct,3,70,last,8,20.2,22.3,26.4
scale_3pct_ratio_70pct,3,70,last,6,19.0,21.8,23.9
scale_3pct_ratio_70pct,3,70,last,4,17.5,21.3,22.2
scale_3pct_ratio_70pct,3,70,last,2,16.5,20.1,20.7
scale_3pct_ratio_70pct,3,70,last,0,14.3,19.7,19.8
scale_3pct_ratio_80pct,3,80,best,50,20.9,23.0,28.1
scale_3pct_ratio_80pct,3,80,best,45,20.8,23.1,28.1
scale_3pct_ratio_80pct,3,80,best,40,20.6,23.1,27.8
scale_3pct_ratio_80pct,3,80,best,30,20.0,22.8,26.7
scale_3pct_ratio_80pct,3,80,best,25,19.7,22.4,25.4
scale_3pct_ratio_80pct,3,80,best,20,19.5,22.2,23.9
scale_3pct_ratio_80pct,3,80,best,15,19.0,22.0,23.1
scale_3pct_ratio_80pct,3,80,best,10,19.0,21.2,22.5
scale_3pct_ratio_80pct,3,80,best,8,18.9,20.7,21.9
scale_3pct_ratio_80pct,3,80,best,6,18.8,20.1,21.2
scale_3pct_ratio_80pct,3,80,best,4,18.8,19.5,20.3
scale_3pct_ratio_80pct,3,80,best,2,19.0,18.7,19.2
scale_3pct_ratio_80pct,3,80,best,0,19.3,18.3,19.0
scale_3pct_ratio_80pct,3,80,last,50,97.8,0.4,98.0
scale_3pct_ratio_80pct,3,80,last,45,95.3,0.9,95.5
scale_3pct_ratio_80pct,3,80,last,40,88.7,2.3,89.5
scale_3pct_ratio_80pct,3,80,last,30,63.3,7.6,64.3
scale_3pct_ratio_80pct,3,80,last,25,49.0,10.5,48.8
scale_3pct_ratio_80pct,3,80,last,20,37.4,13.4,35.5
scale_3pct_ratio_80pct,3,80,last,15,28.7,15.8,26.1
scale_3pct_ratio_80pct,3,80,last,10,23.7,16.9,20.9
scale_3pct_ratio_80pct,3,80,last,8,22.6,16.7,19.2
scale_3pct_ratio_80pct,3,80,last,6,21.7,16.7,18.5
scale_3pct_ratio_80pct,3,80,last,4,20.7,16.1,17.0
scale_3pct_ratio_80pct,3,80,last,2,20.2,15.4,15.7
scale_3pct_ratio_80pct,3,80,last,0,20.4,14.0,14.7
scale_3pct_ratio_90pct,3,90,best,50,23.4,8.5,9.1
scale_3pct_ratio_90pct,3,90,best,45,23.5,8.3,8.7
scale_3pct_ratio_90pct,3,90,best,40,23.6,8.0,8.4
scale_3pct_ratio_90pct,3,90,best,30,23.7,7.1,7.5
scale_3pct_ratio_90pct,3,90,best,25,23.8,6.6,7.1
scale_3pct_ratio_90pct,3,90,best,20,23.9,5.8,6.1
scale_3pct_ratio_90pct,3,90,best,15,23.9,4.9,5.3
scale_3pct_ratio_90pct,3,90,best,10,23.8,4.5,4.6
scale_3pct_ratio_90pct,3,90,best,8,23.8,4.5,4.5
scale_3pct_ratio_90pct,3,90,best,6,23.8,4.6,4.5
scale_3pct_ratio_90pct,3,90,best,4,23.8,4.8,4.7
scale_3pct_ratio_90pct,3,90,best,2,24.0,5.2,5.1
scale_3pct_ratio_90pct,3,90,best,0,24.3,4.7,4.6
scale_3pct_ratio_90pct,3,90,last,50,99.9,0.0,99.8
scale_3pct_ratio_90pct,3,90,last,45,99.4,0.1,99.2
scale_3pct_ratio_90pct,3,90,last,40,97.4,0.2,96.1
scale_3pct_ratio_90pct,3,90,last,30,79.3,2.1,71.2
scale_3pct_ratio_90pct,3,90,last,25,62.2,3.7,46.8
scale_3pct_ratio_90pct,3,90,last,20,44.7,5.4,27.4
scale_3pct_ratio_90pct,3,90,last,15,33.0,6.9,16.3
scale_3pct_ratio_90pct,3,90,last,10,26.6,8.1,12.2
scale_3pct_ratio_90pct,3,90,last,8,24.7,8.6,11.3
scale_3pct_ratio_90pct,3,90,last,6,23.2,8.9,10.9
scale_3pct_ratio_90pct,3,90,last,4,21.6,9.3,10.3
scale_3pct_ratio_90pct,3,90,last,2,20.1,10.0,10.6
scale_3pct_ratio_90pct,3,90,last,0,18.8,11.5,11.9
scale_5pct_ratio_10pct,5,10,best,50,10.7,80.5,95.5
scale_5pct_ratio_10pct,5,10,best,45,10.6,80.8,95.4
scale_5pct_ratio_10pct,5,10,best,40,10.2,81.0,95.3
scale_5pct_ratio_10pct,5,10,best,30,9.2,82.0,94.5
scale_5pct_ratio_10pct,5,10,best,25,8.4,82.2,93.4
scale_5pct_ratio_10pct,5,10,best,20,7.8,81.9,91.1
scale_5pct_ratio_10pct,5,10,best,15,6.7,80.8,87.1
scale_5pct_ratio_10pct,5,10,best,10,6.8,76.5,80.3
scale_5pct_ratio_10pct,5,10,best,8,7.2,73.7,76.6
scale_5pct_ratio_10pct,5,10,best,6,7.4,70.1,72.4
scale_5pct_ratio_10pct,5,10,best,4,8.0,65.8,67.2
scale_5pct_ratio_10pct,5,10,best,2,9.0,59.8,61.3
scale_5pct_ratio_10pct,5,10,best,0,9.9,53.6,54.3
scale_5pct_ratio_10pct,5,10,last,50,100.0,0.0,100.0
scale_5pct_ratio_10pct,5,10,last,45,99.9,0.1,100.0
scale_5pct_ratio_10pct,5,10,last,40,99.0,0.8,99.9
scale_5pct_ratio_10pct,5,10,last,30,83.4,12.6,98.9
scale_5pct_ratio_10pct,5,10,last,25,63.1,28.8,97.0
scale_5pct_ratio_10pct,5,10,last,20,39.0,48.3,93.2
scale_5pct_ratio_10pct,5,10,last,15,21.3,62.3,86.5
scale_5pct_ratio_10pct,5,10,last,10,13.2,65.1,76.6
scale_5pct_ratio_10pct,5,10,last,8,11.6,63.7,71.5
scale_5pct_ratio_10pct,5,10,last,6,10.9,61.0,66.0
scale_5pct_ratio_10pct,5,10,last,4,10.9,56.4,60.1
scale_5pct_ratio_10pct,5,10,last,2,11.1,50.6,53.0
scale_5pct_ratio_10pct,5,10,last,0,10.8,44.3,45.6
scale_5pct_ratio_20pct,5,20,best,50,5.2,86.1,91.5
scale_5pct_ratio_20pct,5,20,best,45,5.1,86.1,91.4
scale_5pct_ratio_20pct,5,20,best,40,5.1,85.9,91.2
scale_5pct_ratio_20pct,5,20,best,30,4.9,85.7,90.4
scale_5pct_ratio_20pct,5,20,best,25,4.8,85.4,89.6
scale_5pct_ratio_20pct,5,20,best,20,4.7,84.6,87.7
scale_5pct_ratio_20pct,5,20,best,15,4.7,82.4,84.5
scale_5pct_ratio_20pct,5,20,best,10,5.6,77.3,78.8
scale_5pct_ratio_20pct,5,20,best,8,6.0,74.6,75.8
scale_5pct_ratio_20pct,5,20,best,6,6.9,70.6,71.9
scale_5pct_ratio_20pct,5,20,best,4,7.8,66.4,67.3
scale_5pct_ratio_20pct,5,20,best,2,8.9,61.0,61.5
scale_5pct_ratio_20pct,5,20,best,0,10.6,54.6,54.5
scale_5pct_ratio_20pct,5,20,last,50,100.0,0.0,100.0
scale_5pct_ratio_20pct,5,20,last,45,99.8,0.1,100.0
scale_5pct_ratio_20pct,5,20,last,40,98.8,0.8,99.9
scale_5pct_ratio_20pct,5,20,last,30,84.4,10.5,98.6
scale_5pct_ratio_20pct,5,20,last,25,65.9,24.4,96.2
scale_5pct_ratio_20pct,5,20,last,20,41.8,43.4,91.8
scale_5pct_ratio_20pct,5,20,last,15,22.8,58.3,84.1
scale_5pct_ratio_20pct,5,20,last,10,13.8,61.7,73.2
scale_5pct_ratio_20pct,5,20,last,8,12.5,59.6,67.7
scale_5pct_ratio_20pct,5,20,last,6,12.0,56.8,62.0
scale_5pct_ratio_20pct,5,20,last,4,12.4,52.9,56.0
scale_5pct_ratio_20pct,5,20,last,2,12.7,47.6,49.7
scale_5pct_ratio_20pct,5,20,last,0,13.4,42.2,43.4
scale_5pct_ratio_30pct,5,30,best,50,21.2,65.2,97.1
scale_5pct_ratio_30pct,5,30,best,45,21.0,65.7,97.0
scale_5pct_ratio_30pct,5,30,best,40,20.5,66.3,96.9
scale_5pct_ratio_30pct,5,30,best,30,18.2,69.2,95.8
scale_5pct_ratio_30pct,5,30,best,25,15.8,71.5,94.4
scale_5pct_ratio_30pct,5,30,best,20,12.7,73.7,91.2
scale_5pct_ratio_30pct,5,30,best,15,9.9,74.4,85.5
scale_5pct_ratio_30pct,5,30,best,10,8.4,71.1,76.9
scale_5pct_ratio_30pct,5,30,best,8,8.7,68.0,72.6
scale_5pct_ratio_30pct,5,30,best,6,9.0,63.6,66.7
scale_5pct_ratio_30pct,5,30,best,4,9.4,57.9,60.3
scale_5pct_ratio_30pct,5,30,best,2,10.4,50.5,52.2
scale_5pct_ratio_30pct,5,30,best,0,11.4,41.5,42.9
scale_5pct_ratio_30pct,5,30,last,50,100.0,0.0,100.0
scale_5pct_ratio_30pct,5,30,last,45,99.8,0.1,100.0
scale_5pct_ratio_30pct,5,30,last,40,98.8,0.7,99.9
scale_5pct_ratio_30pct,5,30,last,30,82.9,10.9,98.0
scale_5pct_ratio_30pct,5,30,last,25,62.4,24.6,94.8
scale_5pct_ratio_30pct,5,30,last,20,38.7,42.1,89.0
scale_5pct_ratio_30pct,5,30,last,15,23.1,54.0,80.4
scale_5pct_ratio_30pct,5,30,last,10,14.9,57.3,69.5
scale_5pct_ratio_30pct,5,30,last,8,14.0,55.5,64.7
scale_5pct_ratio_30pct,5,30,last,6,13.4,53.2,59.5
scale_5pct_ratio_30pct,5,30,last,4,12.6,50.0,54.5
scale_5pct_ratio_30pct,5,30,last,2,12.8,45.6,48.5
scale_5pct_ratio_30pct,5,30,last,0,12.7,40.7,42.6
scale_5pct_ratio_40pct,5,40,best,50,13.1,74.3,94.4
scale_5pct_ratio_40pct,5,40,best,45,12.9,74.5,94.2
scale_5pct_ratio_40pct,5,40,best,40,12.6,74.9,94.1
scale_5pct_ratio_40pct,5,40,best,30,11.5,75.8,92.7
scale_5pct_ratio_40pct,5,40,best,25,10.1,76.5,91.0
scale_5pct_ratio_40pct,5,40,best,20,9.0,76.4,87.5
scale_5pct_ratio_40pct,5,40,best,15,8.2,74.5,82.0
scale_5pct_ratio_40pct,5,40,best,10,8.3,69.2,73.3
scale_5pct_ratio_40pct,5,40,best,8,8.8,65.7,68.9
scale_5pct_ratio_40pct,5,40,best,6,9.4,61.5,63.4
scale_5pct_ratio_40pct,5,40,best,4,10.4,56.1,57.8
scale_5pct_ratio_40pct,5,40,best,2,11.7,50.1,51.2
scale_5pct_ratio_40pct,5,40,best,0,13.3,43.4,44.2
scale_5pct_ratio_40pct,5,40,last,50,100.0,0.0,100.0
scale_5pct_ratio_40pct,5,40,last,45,99.7,0.1,99.9
scale_5pct_ratio_40pct,5,40,last,40,98.4,0.8,99.7
scale_5pct_ratio_40pct,5,40,last,30,82.0,9.1,96.5
scale_5pct_ratio_40pct,5,40,last,25,62.8,20.0,91.5
scale_5pct_ratio_40pct,5,40,last,20,42.2,32.9,83.0
scale_5pct_ratio_40pct,5,40,last,15,26.7,42.7,71.9
scale_5pct_ratio_40pct,5,40,last,10,18.5,45.8,59.1
scale_5pct_ratio_40pct,5,40,last,8,16.8,44.5,54.6
scale_5pct_ratio_40pct,5,40,last,6,16.1,42.8,49.4
scale_5pct_ratio_40pct,5,40,last,4,16.1,40.3,44.5
scale_5pct_ratio_40pct,5,40,last,2,15.9,37.1,39.7
scale_5pct_ratio_40pct,5,40,last,0,16.3,33.5,35.0
scale_5pct_ratio_50pct,5,50,best,50,19.6,64.9,95.1
scale_5pct_ratio_50pct,5,50,best,45,19.4,65.2,95.0
scale_5pct_ratio_50pct,5,50,best,40,18.9,65.8,94.8
scale_5pct_ratio_50pct,5,50,best,30,16.6,68.0,93.1
scale_5pct_ratio_50pct,5,50,best,25,14.6,69.5,90.7
scale_5pct_ratio_50pct,5,50,best,20,12.3,70.4,86.4
scale_5pct_ratio_50pct,5,50,best,15,10.2,69.7,79.6
scale_5pct_ratio_50pct,5,50,best,10,9.7,65.4,69.9
scale_5pct_ratio_50pct,5,50,best,8,10.1,61.8,65.1
scale_5pct_ratio_50pct,5,50,best,6,10.7,56.8,59.1
scale_5pct_ratio_50pct,5,50,best,4,11.6,51.3,53.0
scale_5pct_ratio_50pct,5,50,best,2,12.8,45.0,45.9
scale_5pct_ratio_50pct,5,50,best,0,14.1,39.4,40.0
scale_5pct_ratio_50pct,5,50,last,50,100.0,0.0,100.0
scale_5pct_ratio_50pct,5,50,last,45,99.7,0.1,99.9
scale_5pct_ratio_50pct,5,50,last,40,98.1,0.8,99.6
scale_5pct_ratio_50pct,5,50,last,30,80.4,8.4,95.4
scale_5pct_ratio_50pct,5,50,last,25,61.8,17.4,88.8
scale_5pct_ratio_50pct,5,50,last,20,41.8,28.5,78.3
scale_5pct_ratio_50pct,5,50,last,15,27.4,37.2,65.9
scale_5pct_ratio_50pct,5,50,last,10,19.1,40.6,53.7
scale_5pct_ratio_50pct,5,50,last,8,17.3,39.9,48.9
scale_5pct_ratio_50pct,5,50,last,6,16.4,38.2,44.1
scale_5pct_ratio_50pct,5,50,last,4,15.6,35.4,38.9
scale_5pct_ratio_50pct,5,50,last,2,15.6,31.7,34.1
scale_5pct_ratio_50pct,5,50,last,0,15.2,27.8,29.2
scale_5pct_ratio_60pct,5,60,best,50,25.6,54.7,94.0
scale_5pct_ratio_60pct,5,60,best,45,25.3,55.2,93.9
scale_5pct_ratio_60pct,5,60,best,40,24.7,55.9,93.6
scale_5pct_ratio_60pct,5,60,best,30,21.7,59.0,91.9
scale_5pct_ratio_60pct,5,60,best,25,18.9,61.5,89.5
scale_5pct_ratio_60pct,5,60,best,20,15.8,63.8,85.2
scale_5pct_ratio_60pct,5,60,best,15,12.6,65.1,78.5
scale_5pct_ratio_60pct,5,60,best,10,11.3,62.8,69.8
scale_5pct_ratio_60pct,5,60,best,8,11.1,60.6,65.3
scale_5pct_ratio_60pct,5,60,best,6,11.3,57.5,60.9
scale_5pct_ratio_60pct,5,60,best,4,11.9,53.1,55.4
scale_5pct_ratio_60pct,5,60,best,2,13.1,47.3,49.0
scale_5pct_ratio_60pct,5,60,best,0,14.2,41.5,42.5
scale_5pct_ratio_60pct,5,60,last,50,99.9,0.0,99.9
scale_5pct_ratio_60pct,5,60,last,45,99.4,0.1,99.6
scale_5pct_ratio_60pct,5,60,last,40,96.7,0.4,98.2
scale_5pct_ratio_60pct,5,60,last,30,74.5,3.8,85.7
scale_5pct_ratio_60pct,5,60,last,25,55.9,8.1,72.1
scale_5pct_ratio_60pct,5,60,last,20,39.9,13.6,56.4
scale_5pct_ratio_60pct,5,60,last,15,28.5,18.7,41.2
scale_5pct_ratio_60pct,5,60,last,10,22.9,21.8,31.2
scale_5pct_ratio_60pct,5,60,last,8,21.7,22.2,28.2
scale_5pct_ratio_60pct,5,60,last,6,20.8,22.3,26.3
scale_5pct_ratio_60pct,5,60,last,4,20.7,21.5,23.5
scale_5pct_ratio_60pct,5,60,last,2,19.9,20.3,21.5
scale_5pct_ratio_60pct,5,60,last,0,19.4,18.4,19.1
scale_5pct_ratio_70pct,5,70,best,50,36.7,32.6,84.3
scale_5pct_ratio_70pct,5,70,best,45,36.3,32.9,84.0
scale_5pct_ratio_70pct,5,70,best,40,35.1,33.8,83.2
scale_5pct_ratio_70pct,5,70,best,30,29.2,37.7,78.0
scale_5pct_ratio_70pct,5,70,best,25,25.4,39.9,72.7
scale_5pct_ratio_70pct,5,70,best,20,21.0,41.4,64.5
scale_5pct_ratio_70pct,5,70,best,15,17.9,40.8,52.8
scale_5pct_ratio_70pct,5,70,best,10,16.8,35.8,40.1
scale_5pct_ratio_70pct,5,70,best,8,17.3,32.4,34.7
scale_5pct_ratio_70pct,5,70,best,6,17.9,29.4,30.2
scale_5pct_ratio_70pct,5,70,best,4,18.0,25.0,25.9
scale_5pct_ratio_70pct,5,70,best,2,18.1,20.4,21.2
scale_5pct_ratio_70pct,5,70,best,0,18.0,16.3,16.5
scale_5pct_ratio_70pct,5,70,last,50,97.7,0.3,99.4
scale_5pct_ratio_70pct,5,70,last,45,94.5,0.8,97.9
scale_5pct_ratio_70pct,5,70,last,40,85.7,2.0,92.7
scale_5pct_ratio_70pct,5,70,last,30,55.6,7.8,67.8
scale_5pct_ratio_70pct,5,70,last,25,41.8,11.6,52.8
scale_5pct_ratio_70pct,5,70,last,20,31.0,15.9,39.5
scale_5pct_ratio_70pct,5,70,last,15,24.3,19.2,29.5
scale_5pct_ratio_70pct,5,70,last,10,20.5,21.2,24.3
scale_5pct_ratio_70pct,5,70,last,8,19.9,21.3,22.7
scale_5pct_ratio_70pct,5,70,last,6,18.9,20.8,21.4
scale_5pct_ratio_70pct,5,70,last,4,17.7,19.3,19.6
scale_5pct_ratio_70pct,5,70,last,2,15.3,15.7,16.0
scale_5pct_ratio_70pct,5,70,last,0,10.8,10.2,10.2
scale_5pct_ratio_80pct,5,80,best,50,20.3,30.1,32.6
scale_5pct_ratio_80pct,5,80,best,45,20.3,30.1,32.6
scale_5pct_ratio_80pct,5,80,best,40,20.3,30.1,32.5
scale_5pct_ratio_80pct,5,80,best,30,19.9,30.3,32.4
scale_5pct_ratio_80pct,5,80,best,25,19.5,30.5,32.3
scale_5pct_ratio_80pct,5,80,best,20,18.8,31.0,32.2
scale_5pct_ratio_80pct,5,80,best,15,18.1,31.5,32.5
scale_5pct_ratio_80pct,5,80,best,10,17.0,32.4,32.7
scale_5pct_ratio_80pct,5,80,best,8,16.7,32.6,32.9
scale_5pct_ratio_80pct,5,80,best,6,16.3,33.0,32.7
scale_5pct_ratio_80pct,5,80,best,4,16.0,33.2,32.6
scale_5pct_ratio_80pct,5,80,best,2,15.8,33.4,32.6
scale_5pct_ratio_80pct,5,80,best,0,15.8,33.2,32.5
scale_5pct_ratio_80pct,5,80,last,50,92.0,2.4,89.0
scale_5pct_ratio_80pct,5,80,last,45,88.5,3.7,85.0
scale_5pct_ratio_80pct,5,80,last,40,80.9,6.3,77.3
scale_5pct_ratio_80pct,5,80,last,30,55.5,14.6,53.4
scale_5pct_ratio_80pct,5,80,last,25,42.2,18.5,42.6
scale_5pct_ratio_80pct,5,80,last,20,31.8,21.5,34.9
scale_5pct_ratio_80pct,5,80,last,15,24.5,23.3,29.4
scale_5pct_ratio_80pct,5,80,last,10,20.8,24.3,26.7
scale_5pct_ratio_80pct,5,80,last,8,19.6,24.6,26.1
scale_5pct_ratio_80pct,5,80,last,6,19.0,24.6,25.8
scale_5pct_ratio_80pct,5,80,last,4,18.5,24.7,25.1
scale_5pct_ratio_80pct,5,80,last,2,17.8,24.8,24.6
scale_5pct_ratio_80pct,5,80,last,0,17.6,25.0,25.2
scale_5pct_ratio_90pct,5,90,best,50,21.0,16.2,16.6
scale_5pct_ratio_90pct,5,90,best,45,21.0,16.4,16.9
scale_5pct_ratio_90pct,5,90,best,40,20.9,16.6,17.0
scale_5pct_ratio_90pct,5,90,best,30,20.9,16.3,16.8
scale_5pct_ratio_90pct,5,90,best,25,21.0,15.6,16.1
scale_5pct_ratio_90pct,5,90,best,20,21.2,14.9,15.1
scale_5pct_ratio_90pct,5,90,best,15,21.2,14.5,14.5
scale_5pct_ratio_90pct,5,90,best,10,21.1,14.5,14.8
scale_5pct_ratio_90pct,5,90,best,8,20.9,14.7,14.9
scale_5pct_ratio_90pct,5,90,best,6,20.7,14.8,15.3
scale_5pct_ratio_90pct,5,90,best,4,20.6,15.1,15.4
scale_5pct_ratio_90pct,5,90,best,2,20.6,15.5,16.1
scale_5pct_ratio_90pct,5,90,best,0,20.6,15.8,16.0
scale_5pct_ratio_90pct,5,90,last,50,99.7,0.1,98.9
scale_5pct_ratio_90pct,5,90,last,45,98.8,0.3,97.7
scale_5pct_ratio_90pct,5,90,last,40,95.3,0.9,92.1
scale_5pct_ratio_90pct,5,90,last,30,72.2,3.4,59.2
scale_5pct_ratio_90pct,5,90,last,25,55.9,4.7,38.3
scale_5pct_ratio_90pct,5,90,last,20,41.8,5.3,21.7
scale_5pct_ratio_90pct,5,90,last,15,32.3,5.4,12.8
scale_5pct_ratio_90pct,5,90,last,10,26.8,6.1,9.0
scale_5pct_ratio_90pct,5,90,last,8,25.3,6.7,8.6
scale_5pct_ratio_90pct,5,90,last,6,24.2,7.4,9.1
scale_5pct_ratio_90pct,5,90,last,4,23.3,8.2,9.4
scale_5pct_ratio_90pct,5,90,last,2,22.4,9.0,9.3
scale_5pct_ratio_90pct,5,90,last,0,21.0,9.7,10.4
scale_10pct_ratio_10pct,10,10,best,50,16.2,73.6,97.7
scale_10pct_ratio_10pct,10,10,best,45,16.1,73.8,97.7
scale_10pct_ratio_10pct,10,10,best,40,15.6,74.3,97.6
scale_10pct_ratio_10pct,10,10,best,30,13.9,76.3,96.8
scale_10pct_ratio_10pct,10,10,best,25,11.9,78.3,95.7
scale_10pct_ratio_10pct,10,10,best,20,9.6,79.9,93.2
scale_10pct_ratio_10pct,10,10,best,15,7.6,79.8,88.8
scale_10pct_ratio_10pct,10,10,best,10,7.0,76.4,81.4
scale_10pct_ratio_10pct,10,10,best,8,7.1,73.9,77.6
scale_10pct_ratio_10pct,10,10,best,6,7.8,70.2,73.0
scale_10pct_ratio_10pct,10,10,best,4,8.4,65.7,67.6
scale_10pct_ratio_10pct,10,10,best,2,9.4,59.8,61.3
scale_10pct_ratio_10pct,10,10,best,0,10.8,53.4,54.1
scale_10pct_ratio_10pct,10,10,last,50,99.9,0.1,100.0
scale_10pct_ratio_10pct,10,10,last,45,99.6,0.3,100.0
scale_10pct_ratio_10pct,10,10,last,40,97.6,1.4,99.9
scale_10pct_ratio_10pct,10,10,last,30,75.3,15.5,98.5
scale_10pct_ratio_10pct,10,10,last,25,52.9,32.8,96.3
scale_10pct_ratio_10pct,10,10,last,20,31.6,51.7,92.1
scale_10pct_ratio_10pct,10,10,last,15,17.3,64.2,85.5
scale_10pct_ratio_10pct,10,10,last,10,11.6,66.6,76.1
scale_10pct_ratio_10pct,10,10,last,8,10.4,64.7,71.7
scale_10pct_ratio_10pct,10,10,last,6,10.2,61.7,66.5
scale_10pct_ratio_10pct,10,10,last,4,10.1,57.7,60.6
scale_10pct_ratio_10pct,10,10,last,2,10.5,51.8,53.6
scale_10pct_ratio_10pct,10,10,last,0,10.4,44.5,45.3
scale_10pct_ratio_20pct,10,20,best,50,10.0,81.6,96.1
scale_10pct_ratio_20pct,10,20,best,45,9.8,81.8,96.0
scale_10pct_ratio_20pct,10,20,best,40,9.6,82.0,95.9
scale_10pct_ratio_20pct,10,20,best,30,8.5,82.8,95.1
scale_10pct_ratio_20pct,10,20,best,25,7.6,83.3,93.8
scale_10pct_ratio_20pct,10,20,best,20,6.7,83.1,91.4
scale_10pct_ratio_20pct,10,20,best,15,6.2,81.3,87.0
scale_10pct_ratio_20pct,10,20,best,10,6.5,77.0,80.2
scale_10pct_ratio_20pct,10,20,best,8,7.1,74.1,76.3
scale_10pct_ratio_20pct,10,20,best,6,7.6,70.3,72.1
scale_10pct_ratio_20pct,10,20,best,4,8.6,65.3,67.1
scale_10pct_ratio_20pct,10,20,best,2,9.8,59.7,61.0
scale_10pct_ratio_20pct,10,20,best,0,11.2,52.6,53.5
scale_10pct_ratio_20pct,10,20,last,50,99.7,0.1,100.0
scale_10pct_ratio_20pct,10,20,last,45,98.5,0.4,99.9
scale_10pct_ratio_20pct,10,20,last,40,94.0,1.9,99.5
scale_10pct_ratio_20pct,10,20,last,30,64.6,17.2,96.5
scale_10pct_ratio_20pct,10,20,last,25,44.9,31.6,92.6
scale_10pct_ratio_20pct,10,20,last,20,27.9,46.4,86.1
scale_10pct_ratio_20pct,10,20,last,15,17.1,56.0,77.0
scale_10pct_ratio_20pct,10,20,last,10,12.9,56.8,66.0
scale_10pct_ratio_20pct,10,20,last,8,12.3,54.6,60.8
scale_10pct_ratio_20pct,10,20,last,6,12.2,50.6,55.1
scale_10pct_ratio_20pct,10,20,last,4,12.5,46.1,48.8
scale_10pct_ratio_20pct,10,20,last,2,12.7,40.3,42.0
scale_10pct_ratio_20pct,10,20,last,0,13.0,34.2,35.2
scale_10pct_ratio_30pct,10,30,best,50,8.7,82.1,94.6
scale_10pct_ratio_30pct,10,30,best,45,8.7,82.1,94.5
scale_10pct_ratio_30pct,10,30,best,40,8.5,82.3,94.3
scale_10pct_ratio_30pct,10,30,best,30,7.7,82.6,93.2
scale_10pct_ratio_30pct,10,30,best,25,7.0,82.9,92.0
scale_10pct_ratio_30pct,10,30,best,20,6.4,82.4,89.4
scale_10pct_ratio_30pct,10,30,best,15,6.0,80.3,84.7
scale_10pct_ratio_30pct,10,30,best,10,6.7,74.0,76.5
scale_10pct_ratio_30pct,10,30,best,8,7.3,70.0,72.1
scale_10pct_ratio_30pct,10,30,best,6,8.1,65.4,66.7
scale_10pct_ratio_30pct,10,30,best,4,9.2,60.1,61.1
scale_10pct_ratio_30pct,10,30,best,2,10.2,54.4,55.0
scale_10pct_ratio_30pct,10,30,best,0,11.4,48.8,48.6
scale_10pct_ratio_30pct,10,30,last,50,99.4,0.1,99.9
scale_10pct_ratio_30pct,10,30,last,45,98.0,0.4,99.7
scale_10pct_ratio_30pct,10,30,last,40,92.6,1.4,98.9
scale_10pct_ratio_30pct,10,30,last,30,63.4,10.8,92.4
scale_10pct_ratio_30pct,10,30,last,25,43.9,21.9,85.5
scale_10pct_ratio_30pct,10,30,last,20,28.6,34.8,76.4
scale_10pct_ratio_30pct,10,30,last,15,19.0,44.7,65.8
scale_10pct_ratio_30pct,10,30,last,10,15.2,45.9,54.4
scale_10pct_ratio_30pct,10,30,last,8,14.5,44.3,49.5
scale_10pct_ratio_30pct,10,30,last,6,14.1,41.1,44.4
scale_10pct_ratio_30pct,10,30,last,4,13.7,36.3,38.2
scale_10pct_ratio_30pct,10,30,last,2,12.4,29.3,30.6
scale_10pct_ratio_30pct,10,30,last,0,10.3,20.1,20.7
scale_10pct_ratio_40pct,10,40,best,50,9.3,81.0,94.5
scale_10pct_ratio_40pct,10,40,best,45,9.2,81.1,94.4
scale_10pct_ratio_40pct,10,40,best,40,9.0,81.2,94.2
scale_10pct_ratio_40pct,10,40,best,30,8.1,81.8,93.3
scale_10pct_ratio_40pct,10,40,best,25,7.4,82.1,92.1
scale_10pct_ratio_40pct,10,40,best,20,6.6,82.0,89.6
scale_10pct_ratio_40pct,10,40,best,15,6.2,80.0,85.3
scale_10pct_ratio_40pct,10,40,best,10,6.6,75.6,78.2
scale_10pct_ratio_40pct,10,40,best,8,7.3,72.9,74.7
scale_10pct_ratio_40pct,10,40,best,6,7.9,69.4,70.6
scale_10pct_ratio_40pct,10,40,best,4,8.8,65.0,65.9
scale_10pct_ratio_40pct,10,40,best,2,10.0,59.8,60.5
scale_10pct_ratio_40pct,10,40,best,0,11.4,54.1,54.6
scale_10pct_ratio_40pct,10,40,last,50,99.6,0.1,99.9
scale_10pct_ratio_40pct,10,40,last,45,98.2,0.4,99.7
scale_10pct_ratio_40pct,10,40,last,40,93.0,1.5,98.8
scale_10pct_ratio_40pct,10,40,last,30,64.4,10.3,91.0
scale_10pct_ratio_40pct,10,40,last,25,46.3,19.2,82.3
scale_10pct_ratio_40pct,10,40,last,20,31.1,29.4,71.2
scale_10pct_ratio_40pct,10,40,last,15,21.7,37.0,59.3
scale_10pct_ratio_40pct,10,40,last,10,17.6,38.6,47.9
scale_10pct_ratio_40pct,10,40,last,8,17.0,37.7,43.7
scale_10pct_ratio_40pct,10,40,last,6,16.7,36.0,39.7
scale_10pct_ratio_40pct,10,40,last,4,16.8,33.2,35.3
scale_10pct_ratio_40pct,10,40,last,2,17.0,29.9,30.9
scale_10pct_ratio_40pct,10,40,last,0,17.2,25.6,26.2
scale_10pct_ratio_50pct,10,50,best,50,14.4,72.5,95.2
scale_10pct_ratio_50pct,10,50,best,45,14.2,72.7,95.1
scale_10pct_ratio_50pct,10,50,best,40,13.9,73.0,94.8
scale_10pct_ratio_50pct,10,50,best,30,12.1,74.3,92.8
scale_10pct_ratio_50pct,10,50,best,25,10.8,74.8,90.1
scale_10pct_ratio_50pct,10,50,best,20,9.5,74.7,86.0
scale_10pct_ratio_50pct,10,50,best,15,8.6,72.5,79.9
scale_10pct_ratio_50pct,10,50,best,10,8.6,67.6,71.5
scale_10pct_ratio_50pct,10,50,best,8,9.1,64.4,67.3
scale_10pct_ratio_50pct,10,50,best,6,9.8,60.2,62.3
scale_10pct_ratio_50pct,10,50,best,4,10.5,55.4,56.9
scale_10pct_ratio_50pct,10,50,best,2,11.6,49.8,50.7
scale_10pct_ratio_50pct,10,50,best,0,12.3,44.1,44.9
scale_10pct_ratio_50pct,10,50,last,50,99.5,0.1,99.9
scale_10pct_ratio_50pct,10,50,last,45,97.5,0.3,99.4
scale_10pct_ratio_50pct,10,50,last,40,90.7,1.1,97.7
scale_10pct_ratio_50pct,10,50,last,30,59.7,7.5,85.3
scale_10pct_ratio_50pct,10,50,last,25,42.9,14.3,73.8
scale_10pct_ratio_50pct,10,50,last,20,30.3,22.2,61.1
scale_10pct_ratio_50pct,10,50,last,15,22.7,28.3,49.5
scale_10pct_ratio_50pct,10,50,last,10,19.1,30.8,40.2
scale_10pct_ratio_50pct,10,50,last,8,18.5,30.4,36.7
scale_10pct_ratio_50pct,10,50,last,6,18.1,29.3,33.4
scale_10pct_ratio_50pct,10,50,last,4,17.9,27.7,30.2
scale_10pct_ratio_50pct,10,50,last,2,17.7,25.7,27.4
scale_10pct_ratio_50pct,10,50,last,0,17.5,23.5,24.3
scale_10pct_ratio_60pct,10,60,best,50,17.5,64.3,94.1
scale_10pct_ratio_60pct,10,60,best,45,17.3,64.5,93.9
scale_10pct_ratio_60pct,10,60,best,40,16.8,65.0,93.5
scale_10pct_ratio_60pct,10,60,best,30,14.7,67.1,91.0
scale_10pct_ratio_60pct,10,60,best,25,13.0,68.2,87.8
scale_10pct_ratio_60pct,10,60,best,20,11.2,68.4,82.6
scale_10pct_ratio_60pct,10,60,best,15,10.0,66.2,74.6
scale_10pct_ratio_60pct,10,60,best,10,10.8,59.0,63.0
scale_10pct_ratio_60pct,10,60,best,8,11.3,54.6,57.1
scale_10pct_ratio_60pct,10,60,best,6,12.1,49.4,51.0
scale_10pct_ratio_60pct,10,60,best,4,13.2,43.9,44.6
scale_10pct_ratio_60pct,10,60,best,2,14.0,38.0,38.5
scale_10pct_ratio_60pct,10,60,best,0,15.1,31.7,32.0
scale_10pct_ratio_60pct,10,60,last,50,99.6,0.1,99.8
scale_10pct_ratio_60pct,10,60,last,45,97.9,0.2,99.3
scale_10pct_ratio_60pct,10,60,last,40,91.8,0.8,96.9
scale_10pct_ratio_60pct,10,60,last,30,61.3,5.8,78.8
scale_10pct_ratio_60pct,10,60,last,25,44.8,10.8,63.8
scale_10pct_ratio_60pct,10,60,last,20,32.1,16.5,48.6
scale_10pct_ratio_60pct,10,60,last,15,24.7,21.2,36.8
scale_10pct_ratio_60pct,10,60,last,10,21.1,22.8,28.7
scale_10pct_ratio_60pct,10,60,last,8,20.4,21.9,26.0
scale_10pct_ratio_60pct,10,60,last,6,20.0,20.8,23.2
scale_10pct_ratio_60pct,10,60,last,4,19.7,19.1,20.4
scale_10pct_ratio_60pct,10,60,last,2,19.4,17.1,17.9
scale_10pct_ratio_60pct,10,60,last,0,18.9,15.1,15.2
scale_10pct_ratio_70pct,10,70,best,50,24.8,46.2,85.2
scale_10pct_ratio_70pct,10,70,best,45,24.5,46.6,85.1
scale_10pct_ratio_70pct,10,70,best,40,23.7,47.5,84.5
scale_10pct_ratio_70pct,10,70,best,30,20.6,50.9,81.0
scale_10pct_ratio_70pct,10,70,best,25,17.9,53.4,76.9
scale_10pct_ratio_70pct,10,70,best,20,15.2,55.1,71.3
scale_10pct_ratio_70pct,10,70,best,15,13.6,53.5,62.6
scale_10pct_ratio_70pct,10,70,best,10,14.4,45.1,49.1
scale_10pct_ratio_70pct,10,70,best,8,15.4,40.2,42.8
scale_10pct_ratio_70pct,10,70,best,6,16.5,34.7,36.2
scale_10pct_ratio_70pct,10,70,best,4,17.7,29.4,30.6
scale_10pct_ratio_70pct,10,70,best,2,18.7,25.3,25.7
scale_10pct_ratio_70pct,10,70,best,0,19.4,22.1,22.5
scale_10pct_ratio_70pct,10,70,last,50,98.3,0.2,99.5
scale_10pct_ratio_70pct,10,70,last,45,95.3,0.5,98.2
scale_10pct_ratio_70pct,10,70,last,40,86.3,1.4,93.3
scale_10pct_ratio_70pct,10,70,last,30,53.1,6.0,67.1
scale_10pct_ratio_70pct,10,70,last,25,38.7,10.2,51.4
scale_10pct_ratio_70pct,10,70,last,20,28.7,15.1,38.6
scale_10pct_ratio_70pct,10,70,last,15,23.4,19.1,30.4
scale_10pct_ratio_70pct,10,70,last,10,21.0,19.7,23.4
scale_10pct_ratio_70pct,10,70,last,8,20.4,18.2,20.2
scale_10pct_ratio_70pct,10,70,last,6,19.6,15.7,16.8
scale_10pct_ratio_70pct,10,70,last,4,17.8,12.6,13.1
scale_10pct_ratio_70pct,10,70,last,2,14.0,8.9,8.7
scale_10pct_ratio_70pct,10,70,last,0,8.9,5.5,5.5
scale_10pct_ratio_80pct,10,80,best,50,16.1,36.0,36.4
scale_10pct_ratio_80pct,10,80,best,45,16.0,36.0,36.4
scale_10pct_ratio_80pct,10,80,best,40,16.0,36.0,36.4
scale_10pct_ratio_80pct,10,80,best,30,16.0,36.0,36.4
scale_10pct_ratio_80pct,10,80,best,25,16.0,36.0,36.4
scale_10pct_ratio_80pct,10,80,best,20,16.0,36.0,36.4
scale_10pct_ratio_80pct,10,80,best,15,15.9,36.0,36.3
scale_10pct_ratio_80pct,10,80,best,10,15.9,35.4,35.9
scale_10pct_ratio_80pct,10,80,best,8,16.2,34.0,34.3
scale_10pct_ratio_80pct,10,80,best,6,17.1,30.4,30.8
scale_10pct_ratio_80pct,10,80,best,4,18.8,24.0,24.3
scale_10pct_ratio_80pct,10,80,best,2,21.3,14.1,14.2
scale_10pct_ratio_80pct,10,80,best,0,23.5,6.1,5.9
scale_10pct_ratio_80pct,10,80,last,50,99.3,0.2,99.3
scale_10pct_ratio_80pct,10,80,last,45,96.4,1.0,96.5
scale_10pct_ratio_80pct,10,80,last,40,88.7,3.3,89.4
scale_10pct_ratio_80pct,10,80,last,30,58.4,12.5,62.8
scale_10pct_ratio_80pct,10,80,last,25,43.6,17.6,49.8
scale_10pct_ratio_80pct,10,80,last,20,32.5,21.2,39.5
scale_10pct_ratio_80pct,10,80,last,15,25.0,23.5,31.7
scale_10pct_ratio_80pct,10,80,last,10,21.0,24.2,27.5
scale_10pct_ratio_80pct,10,80,last,8,19.9,23.9,25.9
scale_10pct_ratio_80pct,10,80,last,6,18.8,23.5,24.7
scale_10pct_ratio_80pct,10,80,last,4,18.2,22.7,23.8
scale_10pct_ratio_80pct,10,80,last,2,17.8,20.9,21.2
scale_10pct_ratio_80pct,10,80,last,0,18.0,17.8,18.4
scale_10pct_ratio_90pct,10,90,best,50,21.8,12.5,12.5
scale_10pct_ratio_90pct,10,90,best,45,21.8,12.6,12.6
scale_10pct_ratio_90pct,10,90,best,40,21.8,12.8,12.9
scale_10pct_ratio_90pct,10,90,best,30,21.7,12.8,12.9
scale_10pct_ratio_90pct,10,90,best,25,21.7,12.7,12.7
scale_10pct_ratio_90pct,10,90,best,20,21.7,12.5,12.4
scale_10pct_ratio_90pct,10,90,best,15,21.6,12.3,12.3
scale_10pct_ratio_90pct,10,90,best,10,21.3,12.2,12.2
scale_10pct_ratio_90pct,10,90,best,8,21.1,12.6,12.7
scale_10pct_ratio_90pct,10,90,best,6,20.7,13.4,13.5
scale_10pct_ratio_90pct,10,90,best,4,20.3,15.3,15.1
scale_10pct_ratio_90pct,10,90,best,2,20.0,17.9,17.7
scale_10pct_ratio_90pct,10,90,best,0,19.7,20.3,19.7
scale_10pct_ratio_90pct,10,90,last,50,99.2,0.3,97.2
scale_10pct_ratio_90pct,10,90,last,45,97.3,0.9,94.6
scale_10pct_ratio_90pct,10,90,last,40,90.3,2.6,85.0
scale_10pct_ratio_90pct,10,90,last,30,59.0,7.6,44.7
scale_10pct_ratio_90pct,10,90,last,25,45.2,9.1,29.8
scale_10pct_ratio_90pct,10,90,last,20,35.0,10.0,20.4
scale_10pct_ratio_90pct,10,90,last,15,28.3,10.3,13.8
scale_10pct_ratio_90pct,10,90,last,10,24.5,9.8,11.2
scale_10pct_ratio_90pct,10,90,last,8,23.7,9.3,10.4
scale_10pct_ratio_90pct,10,90,last,6,23.0,8.9,9.6
scale_10pct_ratio_90pct,10,90,last,4,22.1,8.6,9.0
scale_10pct_ratio_90pct,10,90,last,2,21.1,8.5,8.8
scale_10pct_ratio_90pct,10,90,last,0,19.7,8.1,8.6
scale_50pct_ratio_10pct,50,10,best,50,6.3,88.6,97.0
scale_50pct_ratio_10pct,50,10,best,45,6.2,88.8,97.0
scale_50pct_ratio_10pct,50,10,best,40,6.0,89.0,96.9
scale_50pct_ratio_10pct,50,10,best,30,5.5,89.1,96.4
scale_50pct_ratio_10pct,50,10,best,25,5.1,89.1,95.5
scale_50pct_ratio_10pct,50,10,best,20,4.5,88.2,93.4
scale_50pct_ratio_10pct,50,10,best,15,4.3,85.6,88.5
scale_50pct_ratio_10pct,50,10,best,10,5.5,76.9,78.3
scale_50pct_ratio_10pct,50,10,best,8,6.6,70.7,71.6
scale_50pct_ratio_10pct,50,10,best,6,7.8,63.5,63.3
scale_50pct_ratio_10pct,50,10,best,4,9.0,53.9,54.0
scale_50pct_ratio_10pct,50,10,best,2,10.4,44.7,44.4
scale_50pct_ratio_10pct,50,10,best,0,11.2,36.1,36.0
scale_50pct_ratio_10pct,50,10,last,50,99.9,0.0,100.0
scale_50pct_ratio_10pct,50,10,last,45,99.6,0.3,100.0
scale_50pct_ratio_10pct,50,10,last,40,97.8,1.7,99.9
scale_50pct_ratio_10pct,50,10,last,30,77.1,19.2,99.0
scale_50pct_ratio_10pct,50,10,last,25,52.6,40.5,97.4
scale_50pct_ratio_10pct,50,10,last,20,28.3,62.1,94.1
scale_50pct_ratio_10pct,50,10,last,15,13.1,73.9,87.5
scale_50pct_ratio_10pct,50,10,last,10,9.0,70.9,75.2
scale_50pct_ratio_10pct,50,10,last,8,9.3,65.4,68.1
scale_50pct_ratio_10pct,50,10,last,6,10.3,59.0,59.9
scale_50pct_ratio_10pct,50,10,last,4,11.7,50.8,50.9
scale_50pct_ratio_10pct,50,10,last,2,13.2,41.8,41.9
scale_50pct_ratio_10pct,50,10,last,0,14.3,33.0,32.7
scale_50pct_ratio_20pct,50,20,best,50,11.0,82.1,98.1
scale_50pct_ratio_20pct,50,20,best,45,10.9,82.2,98.1
scale_50pct_ratio_20pct,50,20,best,40,10.7,82.5,98.0
scale_50pct_ratio_20pct,50,20,best,30,9.3,83.9,97.3
scale_50pct_ratio_20pct,50,20,best,25,8.2,84.6,96.2
scale_50pct_ratio_20pct,50,20,best,20,6.6,85.0,93.5
scale_50pct_ratio_20pct,50,20,best,15,5.8,82.5,87.9
scale_50pct_ratio_20pct,50,20,best,10,6.7,74.8,77.4
scale_50pct_ratio_20pct,50,20,best,8,7.6,69.8,71.4
scale_50pct_ratio_20pct,50,20,best,6,8.6,63.3,64.5
scale_50pct_ratio_20pct,50,20,best,4,10.1,55.6,56.6
scale_50pct_ratio_20pct,50,20,best,2,11.5,47.8,47.9
scale_50pct_ratio_20pct,50,20,best,0,13.2,39.0,39.3
scale_50pct_ratio_20pct,50,20,last,50,99.9,0.1,100.0
scale_50pct_ratio_20pct,50,20,last,45,99.3,0.3,100.0
scale_50pct_ratio_20pct,50,20,last,40,96.6,1.7,99.8
scale_50pct_ratio_20pct,50,20,last,30,72.1,16.7,98.0
scale_50pct_ratio_20pct,50,20,last,25,47.6,35.6,95.5
scale_50pct_ratio_20pct,50,20,last,20,26.1,55.4,90.9
scale_50pct_ratio_20pct,50,20,last,15,13.6,67.5,83.6
scale_50pct_ratio_20pct,50,20,last,10,9.4,66.8,72.3
scale_50pct_ratio_20pct,50,20,last,8,9.7,63.2,66.3
scale_50pct_ratio_20pct,50,20,last,6,10.4,57.4,59.5
scale_50pct_ratio_20pct,50,20,last,4,11.2,50.9,51.7
scale_50pct_ratio_20pct,50,20,last,2,12.0,43.5,43.8
scale_50pct_ratio_20pct,50,20,last,0,12.1,35.3,35.8
scale_50pct_ratio_30pct,50,30,best,50,13.5,76.9,98.3
scale_50pct_ratio_30pct,50,30,best,45,13.3,77.1,98.2
scale_50pct_ratio_30pct,50,30,best,40,13.1,77.5,98.1
scale_50pct_ratio_30pct,50,30,best,30,11.4,79.5,97.1
scale_50pct_ratio_30pct,50,30,best,25,9.6,81.1,95.5
scale_50pct_ratio_30pct,50,30,best,20,7.5,82.0,92.2
scale_50pct_ratio_30pct,50,30,best,15,6.5,79.3,85.1
scale_50pct_ratio_30pct,50,30,best,10,7.7,69.6,71.8
scale_50pct_ratio_30pct,50,30,best,8,8.7,62.7,64.3
scale_50pct_ratio_30pct,50,30,best,6,10.2,54.9,55.7
scale_50pct_ratio_30pct,50,30,best,4,12.1,45.9,46.6
scale_50pct_ratio_30pct,50,30,best,2,14.1,38.0,38.2
scale_50pct_ratio_30pct,50,30,best,0,16.3,32.0,32.1
scale_50pct_ratio_30pct,50,30,last,50,99.7,0.1,100.0
scale_50pct_ratio_30pct,50,30,last,45,98.7,0.3,99.9
scale_50pct_ratio_30pct,50,30,last,40,94.3,1.6,99.4
scale_50pct_ratio_30pct,50,30,last,30,63.7,15.3,95.4
scale_50pct_ratio_30pct,50,30,last,25,42.6,29.5,90.6
scale_50pct_ratio_30pct,50,30,last,20,25.8,45.0,84.0
scale_50pct_ratio_30pct,50,30,last,15,15.7,55.9,75.2
scale_50pct_ratio_30pct,50,30,last,10,12.2,57.8,64.6
scale_50pct_ratio_30pct,50,30,last,8,12.1,55.1,59.6
scale_50pct_ratio_30pct,50,30,last,6,12.5,51.3,54.0
scale_50pct_ratio_30pct,50,30,last,4,13.4,45.7,47.2
scale_50pct_ratio_30pct,50,30,last,2,14.4,38.9,39.9
scale_50pct_ratio_30pct,50,30,last,0,15.8,32.4,33.0
scale_50pct_ratio_40pct,50,40,best,50,8.2,84.3,96.5
scale_50pct_ratio_40pct,50,40,best,45,8.1,84.4,96.5
scale_50pct_ratio_40pct,50,40,best,40,7.9,84.7,96.3
scale_50pct_ratio_40pct,50,40,best,30,7.1,85.2,95.4
scale_50pct_ratio_40pct,50,40,best,25,6.4,85.4,94.1
scale_50pct_ratio_40pct,50,40,best,20,5.6,84.7,91.4
scale_50pct_ratio_40pct,50,40,best,15,5.4,81.7,85.9
scale_50pct_ratio_40pct,50,40,best,10,6.4,74.0,76.1
scale_50pct_ratio_40pct,50,40,best,8,7.4,69.0,70.6
scale_50pct_ratio_40pct,50,40,best,6,8.4,63.1,63.8
scale_50pct_ratio_40pct,50,40,best,4,9.5,56.2,56.5
scale_50pct_ratio_40pct,50,40,best,2,10.6,48.6,48.4
scale_50pct_ratio_40pct,50,40,best,0,12.0,40.5,40.4
scale_50pct_ratio_40pct,50,40,last,50,99.6,0.1,100.0
scale_50pct_ratio_40pct,50,40,last,45,98.2,0.4,99.8
scale_50pct_ratio_40pct,50,40,last,40,92.6,1.7,99.2
scale_50pct_ratio_40pct,50,40,last,30,59.3,14.2,92.8
scale_50pct_ratio_40pct,50,40,last,25,38.8,27.0,85.4
scale_50pct_ratio_40pct,50,40,last,20,24.7,39.3,75.5
scale_50pct_ratio_40pct,50,40,last,15,17.0,46.4,64.2
scale_50pct_ratio_40pct,50,40,last,10,14.7,45.4,52.1
scale_50pct_ratio_40pct,50,40,last,8,14.6,42.9,46.9
scale_50pct_ratio_40pct,50,40,last,6,15.2,39.3,41.4
scale_50pct_ratio_40pct,50,40,last,4,15.8,35.0,36.4
scale_50pct_ratio_40pct,50,40,last,2,16.7,30.7,31.0
scale_50pct_ratio_40pct,50,40,last,0,16.9,26.6,26.9
scale_50pct_ratio_50pct,50,50,best,50,14.3,72.2,97.1
scale_50pct_ratio_50pct,50,50,best,45,14.1,72.6,97.0
scale_50pct_ratio_50pct,50,50,best,40,13.6,73.2,96.7
scale_50pct_ratio_50pct,50,50,best,30,11.3,75.6,94.4
scale_50pct_ratio_50pct,50,50,best,25,9.6,77.0,91.6
scale_50pct_ratio_50pct,50,50,best,20,8.3,77.0,87.4
scale_50pct_ratio_50pct,50,50,best,15,7.6,74.3,80.6
scale_50pct_ratio_50pct,50,50,best,10,8.6,66.3,69.1
scale_50pct_ratio_50pct,50,50,best,8,9.6,61.2,62.7
scale_50pct_ratio_50pct,50,50,best,6,11.0,54.6,55.6
scale_50pct_ratio_50pct,50,50,best,4,12.5,47.2,47.7
scale_50pct_ratio_50pct,50,50,best,2,14.1,39.6,40.0
scale_50pct_ratio_50pct,50,50,best,0,15.7,33.5,33.7
scale_50pct_ratio_50pct,50,50,last,50,99.1,0.1,99.8
scale_50pct_ratio_50pct,50,50,last,45,95.8,0.4,99.1
scale_50pct_ratio_50pct,50,50,last,40,86.5,1.5,96.7
scale_50pct_ratio_50pct,50,50,last,30,51.3,10.4,81.9
scale_50pct_ratio_50pct,50,50,last,25,35.0,19.1,70.4
scale_50pct_ratio_50pct,50,50,last,20,24.3,28.8,59.1
scale_50pct_ratio_50pct,50,50,last,15,18.1,35.7,49.1
scale_50pct_ratio_50pct,50,50,last,10,16.3,34.6,38.5
scale_50pct_ratio_50pct,50,50,last,8,16.3,31.6,34.0
scale_50pct_ratio_50pct,50,50,last,6,16.4,28.5,29.7
scale_50pct_ratio_50pct,50,50,last,4,15.4,26.0,26.8
scale_50pct_ratio_50pct,50,50,last,2,13.8,25.4,25.6
scale_50pct_ratio_50pct,50,50,last,0,12.7,25.8,26.1
scale_50pct_ratio_60pct,50,60,best,50,3.8,86.4,88.5
scale_50pct_ratio_60pct,50,60,best,45,3.8,86.4,88.4
scale_50pct_ratio_60pct,50,60,best,40,3.8,86.4,88.3
scale_50pct_ratio_60pct,50,60,best,30,3.8,86.1,87.7
scale_50pct_ratio_60pct,50,60,best,25,3.9,85.6,87.1
scale_50pct_ratio_60pct,50,60,best,20,4.0,84.6,85.9
scale_50pct_ratio_60pct,50,60,best,15,4.4,82.3,83.2
scale_50pct_ratio_60pct,50,60,best,10,5.4,77.8,78.3
scale_50pct_ratio_60pct,50,60,best,8,6.0,74.5,75.0
scale_50pct_ratio_60pct,50,60,best,6,6.9,70.3,70.8
scale_50pct_ratio_60pct,50,60,best,4,8.1,64.6,65.2
scale_50pct_ratio_60pct,50,60,best,2,9.5,57.0,57.3
scale_50pct_ratio_60pct,50,60,best,0,11.3,46.9,47.4
scale_50pct_ratio_60pct,50,60,last,50,82.6,3.6,94.4
scale_50pct_ratio_60pct,50,60,last,45,67.8,7.7,87.3
scale_50pct_ratio_60pct,50,60,last,40,53.0,12.6,77.7
scale_50pct_ratio_60pct,50,60,last,30,30.6,22.8,56.0
scale_50pct_ratio_60pct,50,60,last,25,24.0,26.9,46.6
scale_50pct_ratio_60pct,50,60,last,20,20.5,29.3,39.9
scale_50pct_ratio_60pct,50,60,last,15,18.5,30.5,35.5
scale_50pct_ratio_60pct,50,60,last,10,17.6,30.5,32.2
scale_50pct_ratio_60pct,50,60,last,8,17.3,30.2,31.6
scale_50pct_ratio_60pct,50,60,last,6,17.3,29.3,30.3
scale_50pct_ratio_60pct,50,60,last,4,17.3,27.5,27.9
scale_50pct_ratio_60pct,50,60,last,2,17.5,25.0,25.6
scale_50pct_ratio_60pct,50,60,last,0,17.0,21.8,22.0
scale_50pct_ratio_70pct,50,70,best,50,9.0,75.6,87.0
scale_50pct_ratio_70pct,50,70,best,45,9.0,75.6,86.7
scale_50pct_ratio_70pct,50,70,best,40,8.8,75.5,86.2
scale_50pct_ratio_70pct,50,70,best,30,8.3,75.0,83.4
scale_50pct_ratio_70pct,50,70,best,25,8.1,74.1,80.9
scale_50pct_ratio_70pct,50,70,best,20,8.0,72.2,77.4
scale_50pct_ratio_70pct,50,70,best,15,8.5,68.0,71.2
scale_50pct_ratio_70pct,50,70,best,10,10.1,59.7,61.5
scale_50pct_ratio_70pct,50,70,best,8,11.0,55.2,56.2
scale_50pct_ratio_70pct,50,70,best,6,12.1,50.4,51.1
scale_50pct_ratio_70pct,50,70,best,4,13.1,45.6,46.1
scale_50pct_ratio_70pct,50,70,best,2,13.9,41.4,41.7
scale_50pct_ratio_70pct,50,70,best,0,14.6,38.5,38.8
scale_50pct_ratio_70pct,50,70,last,50,99.0,0.1,99.5
scale_50pct_ratio_70pct,50,70,last,45,94.5,0.3,96.7
scale_50pct_ratio_70pct,50,70,last,40,82.1,1.3,88.6
scale_50pct_ratio_70pct,50,70,last,30,46.0,6.4,55.8
scale_50pct_ratio_70pct,50,70,last,25,34.2,10.3,41.3
scale_50pct_ratio_70pct,50,70,last,20,26.8,14.2,31.2
scale_50pct_ratio_70pct,50,70,last,15,22.4,17.7,25.0
scale_50pct_ratio_70pct,50,70,last,10,20.6,18.6,21.1
scale_50pct_ratio_70pct,50,70,last,8,19.9,18.6,19.8
scale_50pct_ratio_70pct,50,70,last,6,19.4,18.4,18.9
scale_50pct_ratio_70pct,50,70,last,4,18.4,17.6,17.7
scale_50pct_ratio_70pct,50,70,last,2,16.8,16.2,16.5
scale_50pct_ratio_70pct,50,70,last,0,14.1,13.9,14.1
scale_50pct_ratio_80pct,50,80,best,50,16.0,36.2,35.9
scale_50pct_ratio_80pct,50,80,best,45,16.0,36.2,35.9
scale_50pct_ratio_80pct,50,80,best,40,16.0,36.2,35.9
scale_50pct_ratio_80pct,50,80,best,30,16.0,36.1,35.9
scale_50pct_ratio_80pct,50,80,best,25,16.0,36.1,35.9
scale_50pct_ratio_80pct,50,80,best,20,16.0,36.0,35.9
scale_50pct_ratio_80pct,50,80,best,15,15.9,36.0,35.9
scale_50pct_ratio_80pct,50,80,best,10,15.9,35.9,35.7
scale_50pct_ratio_80pct,50,80,best,8,15.7,35.8,35.6
scale_50pct_ratio_80pct,50,80,best,6,15.7,35.5,35.4
scale_50pct_ratio_80pct,50,80,best,4,15.6,35.2,35.1
scale_50pct_ratio_80pct,50,80,best,2,15.5,34.7,34.6
scale_50pct_ratio_80pct,50,80,best,0,15.3,34.0,33.8
scale_50pct_ratio_80pct,50,80,last,50,91.8,2.3,92.0
scale_50pct_ratio_80pct,50,80,last,45,81.0,5.7,82.2
scale_50pct_ratio_80pct,50,80,last,40,65.9,10.4,68.0
scale_50pct_ratio_80pct,50,80,last,30,37.3,19.6,41.1
scale_50pct_ratio_80pct,50,80,last,25,28.4,22.3,33.4
scale_50pct_ratio_80pct,50,80,last,20,23.4,23.4,28.6
scale_50pct_ratio_80pct,50,80,last,15,20.8,23.7,25.7
scale_50pct_ratio_80pct,50,80,last,10,19.8,22.9,23.5
scale_50pct_ratio_80pct,50,80,last,8,19.5,22.3,22.9
scale_50pct_ratio_80pct,50,80,last,6,19.5,21.4,21.6
scale_50pct_ratio_80pct,50,80,last,4,19.6,20.0,20.5
scale_50pct_ratio_80pct,50,80,last,2,19.6,18.7,18.7
scale_50pct_ratio_80pct,50,80,last,0,19.1,17.3,17.5
scale_50pct_ratio_90pct,50,90,best,50,19.8,5.6,5.5
scale_50pct_ratio_90pct,50,90,best,45,19.8,6.0,6.0
scale_50pct_ratio_90pct,50,90,best,40,19.6,6.5,6.5
scale_50pct_ratio_90pct,50,90,best,30,19.2,6.2,6.1
scale_50pct_ratio_90pct,50,90,best,25,18.8,6.2,6.4
scale_50pct_ratio_90pct,50,90,best,20,18.2,6.1,6.1
scale_50pct_ratio_90pct,50,90,best,15,17.7,6.3,6.1
scale_50pct_ratio_90pct,50,90,best,10,18.2,7.8,7.9
scale_50pct_ratio_90pct,50,90,best,8,18.1,8.7,8.7
scale_50pct_ratio_90pct,50,90,best,6,18.0,9.4,9.1
scale_50pct_ratio_90pct,50,90,best,4,17.8,10.0,9.5
scale_50pct_ratio_90pct,50,90,best,2,17.3,10.6,10.9
scale_50pct_ratio_90pct,50,90,best,0,16.3,11.0,11.4
scale_50pct_ratio_90pct,50,90,last,50,99.3,0.1,99.2
scale_50pct_ratio_90pct,50,90,last,45,96.0,0.4,93.9
scale_50pct_ratio_90pct,50,90,last,40,86.0,1.2,78.7
scale_50pct_ratio_90pct,50,90,last,30,52.1,3.6,30.8
scale_50pct_ratio_90pct,50,90,last,25,39.3,4.1,16.9
scale_50pct_ratio_90pct,50,90,last,20,31.0,4.6,10.1
scale_50pct_ratio_90pct,50,90,last,15,26.2,5.3,7.2
scale_50pct_ratio_90pct,50,90,last,10,23.8,6.6,7.6
scale_50pct_ratio_90pct,50,90,last,8,23.5,7.4,7.8
scale_50pct_ratio_90pct,50,90,last,6,23.1,8.0,8.7
scale_50pct_ratio_90pct,50,90,last,4,22.7,8.8,9.1
scale_50pct_ratio_90pct,50,90,last,2,22.6,9.3,9.3
scale_50pct_ratio_90pct,50,90,last,0,22.5,9.5,9.5
scale_100pct_ratio_10pct,100,10,best,50,5.4,90.0,97.3
scale_100pct_ratio_10pct,100,10,best,45,5.4,90.0,97.2
scale_100pct_ratio_10pct,100,10,best,40,5.3,90.1,97.1
scale_100pct_ratio_10pct,100,10,best,30,4.6,90.5,96.2
scale_100pct_ratio_10pct,100,10,best,25,4.2,90.4,95.2
scale_100pct_ratio_10pct,100,10,best,20,3.7,89.9,93.4
scale_100pct_ratio_10pct,100,10,best,15,3.7,88.1,89.9
scale_100pct_ratio_10pct,100,10,best,10,4.6,83.1,84.0
scale_100pct_ratio_10pct,100,10,best,8,5.2,79.9,80.6
scale_100pct_ratio_10pct,100,10,best,6,6.0,76.2,76.2
scale_100pct_ratio_10pct,100,10,best,4,7.1,70.6,70.9
scale_100pct_ratio_10pct,100,10,best,2,8.4,63.9,64.1
scale_100pct_ratio_10pct,100,10,best,0,9.8,55.6,55.9
scale_100pct_ratio_10pct,100,10,last,50,98.7,1.1,99.9
scale_100pct_ratio_10pct,100,10,last,45,93.3,5.4,99.7
scale_100pct_ratio_10pct,100,10,last,40,78.8,17.3,99.2
scale_100pct_ratio_10pct,100,10,last,30,34.1,56.2,96.3
scale_100pct_ratio_10pct,100,10,last,25,19.0,69.9,93.7
scale_100pct_ratio_10pct,100,10,last,20,10.6,77.4,90.0
scale_100pct_ratio_10pct,100,10,last,15,7.2,79.2,85.0
scale_100pct_ratio_10pct,100,10,last,10,7.0,75.5,77.9
scale_100pct_ratio_10pct,100,10,last,8,7.1,72.6,73.9
scale_100pct_ratio_10pct,100,10,last,6,7.9,68.6,69.1
scale_100pct_ratio_10pct,100,10,last,4,9.1,62.7,63.4
scale_100pct_ratio_10pct,100,10,last,2,10.3,56.5,56.3
scale_100pct_ratio_10pct,100,10,last,0,11.7,47.9,48.1
scale_100pct_ratio_20pct,100,20,best,50,3.3,91.7,95.4
scale_100pct_ratio_20pct,100,20,best,45,3.2,91.6,95.3
scale_100pct_ratio_20pct,100,20,best,40,3.2,91.6,95.2
scale_100pct_ratio_20pct,100,20,best,30,3.0,91.4,94.5
scale_100pct_ratio_20pct,100,20,best,25,2.9,91.1,93.7
scale_100pct_ratio_20pct,100,20,best,20,2.9,90.3,92.2
scale_100pct_ratio_20pct,100,20,best,15,3.2,88.0,89.3
scale_100pct_ratio_20pct,100,20,best,10,4.1,83.2,84.0
scale_100pct_ratio_20pct,100,20,best,8,4.8,80.1,80.8
scale_100pct_ratio_20pct,100,20,best,6,5.5,76.3,76.8
scale_100pct_ratio_20pct,100,20,best,4,6.6,71.1,71.7
scale_100pct_ratio_20pct,100,20,best,2,8.0,64.8,65.1
scale_100pct_ratio_20pct,100,20,best,0,9.6,56.5,56.5
scale_100pct_ratio_20pct,100,20,last,50,96.6,2.0,99.8
scale_100pct_ratio_20pct,100,20,last,45,86.4,7.9,99.0
scale_100pct_ratio_20pct,100,20,last,40,67.5,20.0,97.3
scale_100pct_ratio_20pct,100,20,last,30,29.1,50.0,90.6
scale_100pct_ratio_20pct,100,20,last,25,18.4,61.0,86.5
scale_100pct_ratio_20pct,100,20,last,20,12.2,67.4,82.1
scale_100pct_ratio_20pct,100,20,last,15,9.3,69.6,76.6
scale_100pct_ratio_20pct,100,20,last,10,9.0,66.2,68.7
scale_100pct_ratio_20pct,100,20,last,8,9.4,62.8,64.8
scale_100pct_ratio_20pct,100,20,last,6,10.2,58.1,59.5
scale_100pct_ratio_20pct,100,20,last,4,11.1,52.3,53.1
scale_100pct_ratio_20pct,100,20,last,2,11.8,44.1,44.7
scale_100pct_ratio_20pct,100,20,last,0,11.7,33.8,34.0
scale_100pct_ratio_30pct,100,30,best,50,92.2,2.9,98.8
scale_100pct_ratio_30pct,100,30,best,45,79.1,8.4,96.6
scale_100pct_ratio_30pct,100,30,best,40,59.6,18.3,92.7
scale_100pct_ratio_30pct,100,30,best,30,27.3,42.0,81.9
scale_100pct_ratio_30pct,100,30,best,25,18.7,51.7,77.0
scale_100pct_ratio_30pct,100,30,best,20,13.5,58.2,72.2
scale_100pct_ratio_30pct,100,30,best,15,11.2,60.5,67.0
scale_100pct_ratio_30pct,100,30,best,10,11.0,57.1,59.4
scale_100pct_ratio_30pct,100,30,best,8,11.7,53.9,55.3
scale_100pct_ratio_30pct,100,30,best,6,12.6,49.5,50.3
scale_100pct_ratio_30pct,100,30,best,4,13.8,43.6,44.1
scale_100pct_ratio_30pct,100,30,best,2,15.4,36.7,36.7
scale_100pct_ratio_30pct,100,30,best,0,16.4,29.2,29.2
scale_100pct_ratio_30pct,100,30,last,50,93.1,2.9,99.1
scale_100pct_ratio_30pct,100,30,last,45,79.0,9.2,97.0
scale_100pct_ratio_30pct,100,30,last,40,59.1,19.5,93.3
scale_100pct_ratio_30pct,100,30,last,30,27.0,43.2,82.7
scale_100pct_ratio_30pct,100,30,last,25,18.4,52.7,77.7
scale_100pct_ratio_30pct,100,30,last,20,13.4,59.0,72.8
scale_100pct_ratio_30pct,100,30,last,15,11.2,60.8,67.4
scale_100pct_ratio_30pct,100,30,last,10,11.0,57.3,59.6
scale_100pct_ratio_30pct,100,30,last,8,11.6,54.0,55.4
scale_100pct_ratio_30pct,100,30,last,6,12.7,49.4,50.3
scale_100pct_ratio_30pct,100,30,last,4,13.8,43.5,44.1
scale_100pct_ratio_30pct,100,30,last,2,15.3,36.8,36.8
scale_100pct_ratio_30pct,100,30,last,0,16.2,29.3,29.4
scale_100pct_ratio_40pct,100,40,best,50,90.3,2.8,97.7
scale_100pct_ratio_40pct,100,40,best,45,76.3,7.7,94.2
scale_100pct_ratio_40pct,100,40,best,40,58.7,15.6,88.6
scale_100pct_ratio_40pct,100,40,best,30,28.7,36.4,75.0
scale_100pct_ratio_40pct,100,40,best,25,20.4,44.5,68.7
scale_100pct_ratio_40pct,100,40,best,20,15.8,49.7,62.9
scale_100pct_ratio_40pct,100,40,best,15,13.2,51.9,57.7
scale_100pct_ratio_40pct,100,40,best,10,12.7,50.1,52.1
scale_100pct_ratio_40pct,100,40,best,8,13.0,47.9,49.2
scale_100pct_ratio_40pct,100,40,best,6,13.3,45.3,46.2
scale_100pct_ratio_40pct,100,40,best,4,13.6,42.0,42.1
scale_100pct_ratio_40pct,100,40,best,2,13.8,37.7,37.5
scale_100pct_ratio_40pct,100,40,best,0,13.8,31.9,31.9
scale_100pct_ratio_40pct,100,40,last,50,91.3,2.9,98.2
scale_100pct_ratio_40pct,100,40,last,45,76.5,8.3,94.8
scale_100pct_ratio_40pct,100,40,last,40,58.3,16.6,89.4
scale_100pct_ratio_40pct,100,40,last,30,28.3,37.5,75.9
scale_100pct_ratio_40pct,100,40,last,25,20.1,45.6,69.5
scale_100pct_ratio_40pct,100,40,last,20,15.6,50.6,63.6
scale_100pct_ratio_40pct,100,40,last,15,13.0,52.6,58.3
scale_100pct_ratio_40pct,100,40,last,10,12.6,50.4,52.5
scale_100pct_ratio_40pct,100,40,last,8,12.9,48.2,49.6
scale_100pct_ratio_40pct,100,40,last,6,13.2,45.7,46.5
scale_100pct_ratio_40pct,100,40,last,4,13.6,42.3,42.5
scale_100pct_ratio_40pct,100,40,last,2,14.1,37.9,37.8
scale_100pct_ratio_40pct,100,40,last,0,14.1,32.2,32.3
scale_100pct_ratio_50pct,100,50,best,50,9.0,82.5,96.3
scale_100pct_ratio_50pct,100,50,best,45,8.9,82.6,96.2
scale_100pct_ratio_50pct,100,50,best,40,8.6,82.8,95.9
scale_100pct_ratio_50pct,100,50,best,30,7.4,83.5,94.0
scale_100pct_ratio_50pct,100,50,best,25,6.6,83.3,91.9
scale_100pct_ratio_50pct,100,50,best,20,6.2,81.4,87.4
scale_100pct_ratio_50pct,100,50,best,15,6.9,75.3,78.6
scale_100pct_ratio_50pct,100,50,best,10,9.4,62.6,64.0
scale_100pct_ratio_50pct,100,50,best,8,10.9,56.4,57.3
scale_100pct_ratio_50pct,100,50,best,6,12.3,50.3,51.0
scale_100pct_ratio_50pct,100,50,best,4,13.6,44.9,45.3
scale_100pct_ratio_50pct,100,50,best,2,14.7,40.8,40.8
scale_100pct_ratio_50pct,100,50,best,0,15.6,37.5,37.7
scale_100pct_ratio_50pct,100,50,last,50,97.7,0.2,99.7
scale_100pct_ratio_50pct,100,50,last,45,92.0,0.7,98.3
scale_100pct_ratio_50pct,100,50,last,40,79.0,2.1,94.2
scale_100pct_ratio_50pct,100,50,last,30,44.0,11.7,75.3
scale_100pct_ratio_50pct,100,50,last,25,31.4,19.7,64.0
scale_100pct_ratio_50pct,100,50,last,20,23.1,28.3,53.5
scale_100pct_ratio_50pct,100,50,last,15,18.4,33.5,44.0
scale_100pct_ratio_50pct,100,50,last,10,17.6,30.3,32.8
scale_100pct_ratio_50pct,100,50,last,8,18.3,26.6,27.8
scale_100pct_ratio_50pct,100,50,last,6,19.0,22.5,23.1
scale_100pct_ratio_50pct,100,50,last,4,19.4,19.4,19.5
scale_100pct_ratio_50pct,100,50,last,2,19.2,17.8,17.9
scale_100pct_ratio_50pct,100,50,last,0,19.0,17.5,17.6
scale_100pct_ratio_60pct,100,60,best,50,11.7,76.6,95.5
scale_100pct_ratio_60pct,100,60,best,45,11.5,76.8,95.3
scale_100pct_ratio_60pct,100,60,best,40,11.1,77.1,94.9
scale_100pct_ratio_60pct,100,60,best,30,9.3,78.4,92.4
scale_100pct_ratio_60pct,100,60,best,25,8.1,78.4,89.1
scale_100pct_ratio_60pct,100,60,best,20,7.5,76.5,83.7
scale_100pct_ratio_60pct,100,60,best,15,7.9,71.5,75.3
scale_100pct_ratio_60pct,100,60,best,10,9.4,62.5,64.1
scale_100pct_ratio_60pct,100,60,best,8,10.5,57.9,58.9
scale_100pct_ratio_60pct,100,60,best,6,11.6,52.9,53.5
scale_100pct_ratio_60pct,100,60,best,4,12.9,47.8,48.0
scale_100pct_ratio_60pct,100,60,best,2,14.1,43.1,43.3
scale_100pct_ratio_60pct,100,60,best,0,15.1,39.2,39.4
scale_100pct_ratio_60pct,100,60,last,50,94.1,0.2,99.0
scale_100pct_ratio_60pct,100,60,last,45,84.6,0.7,95.7
scale_100pct_ratio_60pct,100,60,last,40,69.3,1.7,88.5
scale_100pct_ratio_60pct,100,60,last,30,38.0,7.8,61.2
scale_100pct_ratio_60pct,100,60,last,25,28.5,13.3,47.3
scale_100pct_ratio_60pct,100,60,last,20,23.1,18.8,36.9
scale_100pct_ratio_60pct,100,60,last,15,20.4,22.4,30.1
scale_100pct_ratio_60pct,100,60,last,10,19.5,22.6,25.1
scale_100pct_ratio_60pct,100,60,last,8,19.6,21.7,23.4
scale_100pct_ratio_60pct,100,60,last,6,19.7,20.6,21.6
scale_100pct_ratio_60pct,100,60,last,4,20.0,19.6,19.8
scale_100pct_ratio_60pct,100,60,last,2,20.1,19.0,19.1
scale_100pct_ratio_60pct,100,60,last,0,20.2,18.4,18.7
scale_100pct_ratio_70pct,100,70,best,50,31.0,37.9,89.2
scale_100pct_ratio_70pct,100,70,best,45,29.5,39.0,87.4
scale_100pct_ratio_70pct,100,70,best,40,26.8,40.7,83.9
scale_100pct_ratio_70pct,100,70,best,30,20.0,44.9,71.2
scale_100pct_ratio_70pct,100,70,best,25,17.3,46.3,63.9
scale_100pct_ratio_70pct,100,70,best,20,15.5,46.6,57.2
scale_100pct_ratio_70pct,100,70,best,15,14.6,45.4,50.5
scale_100pct_ratio_70pct,100,70,best,10,14.8,42.0,44.2
scale_100pct_ratio_70pct,100,70,best,8,14.9,39.8,41.0
scale_100pct_ratio_70pct,100,70,best,6,15.5,36.3,37.2
scale_100pct_ratio_70pct,100,70,best,4,15.7,31.1,31.7
scale_100pct_ratio_70pct,100,70,best,2,15.6,24.3,24.5
scale_100pct_ratio_70pct,100,70,best,0,14.0,15.4,15.4
scale_100pct_ratio_70pct,100,70,last,50,91.8,1.0,95.5
scale_100pct_ratio_70pct,100,70,last,45,77.9,2.9,86.1
scale_100pct_ratio_70pct,100,70,last,40,59.5,6.3,71.4
scale_100pct_ratio_70pct,100,70,last,30,32.8,14.2,43.2
scale_100pct_ratio_70pct,100,70,last,25,26.4,17.2,34.2
scale_100pct_ratio_70pct,100,70,last,20,22.9,19.0,28.0
scale_100pct_ratio_70pct,100,70,last,15,21.2,20.0,24.1
scale_100pct_ratio_70pct,100,70,last,10,20.4,20.1,21.7
scale_100pct_ratio_70pct,100,70,last,8,19.9,20.0,20.7
scale_100pct_ratio_70pct,100,70,last,6,19.7,19.1,19.8
scale_100pct_ratio_70pct,100,70,last,4,19.4,17.8,18.3
scale_100pct_ratio_70pct,100,70,last,2,18.4,15.3,15.4
scale_100pct_ratio_70pct,100,70,last,0,16.3,11.3,11.2
scale_100pct_ratio_80pct,100,80,best,50,29.1,15.6,25.2
scale_100pct_ratio_80pct,100,80,best,45,28.7,15.8,24.9
scale_100pct_ratio_80pct,100,80,best,40,27.9,15.9,24.2
scale_100pct_ratio_80pct,100,80,best,30,25.6,15.1,20.1
scale_100pct_ratio_80pct,100,80,best,25,24.5,14.3,17.8
scale_100pct_ratio_80pct,100,80,best,20,23.6,13.1,15.1
scale_100pct_ratio_80pct,100,80,best,15,22.6,13.2,14.1
scale_100pct_ratio_80pct,100,80,best,10,21.6,13.9,14.3
scale_100pct_ratio_80pct,100,80,best,8,20.8,14.2,14.5
scale_100pct_ratio_80pct,100,80,best,6,19.6,14.4,14.8
scale_100pct_ratio_80pct,100,80,best,4,16.9,13.7,14.2
scale_100pct_ratio_80pct,100,80,best,2,12.0,11.2,11.5
scale_100pct_ratio_80pct,100,80,best,0,6.4,6.9,7.0
scale_100pct_ratio_80pct,100,80,last,50,91.9,1.9,91.6
scale_100pct_ratio_80pct,100,80,last,45,79.1,5.0,78.4
scale_100pct_ratio_80pct,100,80,last,40,61.8,9.3,61.1
scale_100pct_ratio_80pct,100,80,last,30,34.4,16.3,34.6
scale_100pct_ratio_80pct,100,80,last,25,27.7,18.0,27.8
scale_100pct_ratio_80pct,100,80,last,20,24.2,18.3,23.0
scale_100pct_ratio_80pct,100,80,last,15,22.0,17.8,19.8
scale_100pct_ratio_80pct,100,80,last,10,21.1,16.5,17.0
scale_100pct_ratio_80pct,100,80,last,8,20.6,15.9,16.3
scale_100pct_ratio_80pct,100,80,last,6,19.3,14.9,15.2
scale_100pct_ratio_80pct,100,80,last,4,16.6,13.2,13.4
scale_100pct_ratio_80pct,100,80,last,2,12.0,10.1,10.0
scale_100pct_ratio_80pct,100,80,last,0,6.8,6.3,6.3
scale_100pct_ratio_90pct,100,90,best,50,20.6,6.7,6.6
scale_100pct_ratio_90pct,100,90,best,45,20.4,7.2,7.0
scale_100pct_ratio_90pct,100,90,best,40,20.3,7.6,7.5
scale_100pct_ratio_90pct,100,90,best,30,19.9,7.1,7.1
scale_100pct_ratio_90pct,100,90,best,25,19.5,7.1,6.9
scale_100pct_ratio_90pct,100,90,best,20,19.1,6.9,6.6
scale_100pct_ratio_90pct,100,90,best,15,19.0,7.0,7.0
scale_100pct_ratio_90pct,100,90,best,10,19.2,8.6,8.3
scale_100pct_ratio_90pct,100,90,best,8,19.2,9.2,9.1
scale_100pct_ratio_90pct,100,90,best,6,19.0,9.8,9.7
scale_100pct_ratio_90pct,100,90,best,4,18.8,10.3,9.9
scale_100pct_ratio_90pct,100,90,best,2,18.7,10.6,10.2
scale_100pct_ratio_90pct,100,90,best,0,18.3,10.6,10.6
scale_100pct_ratio_90pct,100,90,last,50,97.0,0.2,95.5
scale_100pct_ratio_90pct,100,90,last,45,89.2,0.7,83.2
scale_100pct_ratio_90pct,100,90,last,40,74.9,1.7,62.1
scale_100pct_ratio_90pct,100,90,last,30,43.5,3.4,21.5
scale_100pct_ratio_90pct,100,90,last,25,34.1,3.8,11.7
scale_100pct_ratio_90pct,100,90,last,20,28.3,4.2,7.8
scale_100pct_ratio_90pct,100,90,last,15,25.2,4.7,5.9
scale_100pct_ratio_90pct,100,90,last,10,23.8,5.8,6.4
scale_100pct_ratio_90pct,100,90,last,8,23.4,6.5,6.9
scale_100pct_ratio_90pct,100,90,last,6,23.2,7.2,7.4
scale_100pct_ratio_90pct,100,90,last,4,22.9,7.9,8.2
scale_100pct_ratio_90pct,100,90,last,2,22.8,8.5,8.4
scale_100pct_ratio_90pct,100,90,last,0,22.8,8.8,9.0
