model,scale_pct,noise_ratio_pct,epoch,checkpoint_name,checkpoint_kind,changed_positions,train_subset_utterances,acc_em,acc_sc,acc_gen,loss_em,loss_sc,loss_gen,ntokens_em,ntokens_sc,ntokens_gen,nsentences_em,nsentences_sc,nsentences_gen
hubert_base_ls960,10,0,1,checkpoint1.pt,epoch,0,0,,,14.948,,,3.31,,,122495.0,,,7176.0
hubert_base_ls960,10,0,2,checkpoint2.pt,epoch,0,0,,,22.966,,,3.091,,,122495.0,,,7176.0
hubert_base_ls960,10,0,3,checkpoint3.pt,epoch,0,0,,,79.825,,,0.855,,,122495.0,,,7176.0
hubert_base_ls960,10,0,4,checkpoint4.pt,epoch,0,0,,,89.631,,,0.464,,,122495.0,,,7176.0
hubert_base_ls960,10,0,5,checkpoint5.pt,epoch,0,0,,,90.37,,,0.438,,,122495.0,,,7176.0
hubert_base_ls960,10,0,6,checkpoint6.pt,epoch,0,0,,,90.004,,,0.471,,,122495.0,,,7176.0
hubert_base_ls960,10,0,7,checkpoint7.pt,epoch,0,0,,,90.29,,,0.508,,,122495.0,,,7176.0
hubert_base_ls960,10,0,8,checkpoint8.pt,epoch,0,0,,,89.889,,,0.614,,,122495.0,,,7176.0
hubert_base_ls960,10,0,9,checkpoint9.pt,epoch,0,0,,,89.733,,,0.682,,,122495.0,,,7176.0
hubert_base_ls960,10,0,10,checkpoint10.pt,epoch,0,0,,,89.991,,,0.736,,,122495.0,,,7176.0
hubert_base_ls960,10,0,11,checkpoint11.pt,epoch,0,0,,,89.909,,,0.797,,,122495.0,,,7176.0
hubert_base_ls960,10,0,12,checkpoint12.pt,epoch,0,0,,,89.98,,,0.836,,,122495.0,,,7176.0
hubert_base_ls960,10,0,13,checkpoint13.pt,epoch,0,0,,,89.999,,,0.854,,,122495.0,,,7176.0
hubert_base_ls960,10,0,14,checkpoint14.pt,epoch,0,0,,,89.976,,,0.879,,,122495.0,,,7176.0
hubert_base_ls960,10,0,15,checkpoint15.pt,epoch,0,0,,,90.02,,,0.899,,,122495.0,,,7176.0
hubert_base_ls960,10,0,16,checkpoint16.pt,epoch,0,0,,,90.032,,,0.916,,,122495.0,,,7176.0
hubert_base_ls960,10,0,17,checkpoint17.pt,epoch,0,0,,,90.027,,,0.929,,,122495.0,,,7176.0
hubert_base_ls960,10,0,18,checkpoint18.pt,epoch,0,0,,,90.008,,,0.94,,,122495.0,,,7176.0
hubert_base_ls960,10,0,19,checkpoint19.pt,epoch,0,0,,,90.033,,,0.947,,,122495.0,,,7176.0
hubert_base_ls960,10,0,20,checkpoint20.pt,epoch,0,0,,,90.036,,,0.955,,,122495.0,,,7176.0
hubert_base_ls960,10,0,21,checkpoint21.pt,epoch,0,0,,,90.054,,,0.96,,,122495.0,,,7176.0
hubert_base_ls960,10,0,22,checkpoint22.pt,epoch,0,0,,,90.031,,,0.965,,,122495.0,,,7176.0
hubert_base_ls960,10,0,23,checkpoint23.pt,epoch,0,0,,,90.036,,,0.969,,,122495.0,,,7176.0
hubert_base_ls960,10,0,24,checkpoint24.pt,epoch,0,0,,,90.036,,,0.972,,,122495.0,,,7176.0
hubert_base_ls960,10,0,25,checkpoint25.pt,epoch,0,0,,,90.036,,,0.975,,,122495.0,,,7176.0
hubert_base_ls960,10,0,26,checkpoint26.pt,epoch,0,0,,,90.031,,,0.977,,,122495.0,,,7176.0
hubert_base_ls960,10,0,27,checkpoint27.pt,epoch,0,0,,,90.029,,,0.979,,,122495.0,,,7176.0
hubert_base_ls960,10,0,28,checkpoint28.pt,epoch,0,0,,,90.024,,,0.98,,,122495.0,,,7176.0
hubert_base_ls960,10,0,29,checkpoint_last.pt,last,0,0,,,90.028,,,0.981,,,122495.0,,,7176.0
hubert_base_ls960,10,10,1,checkpoint1.pt,epoch,17186,12027,8.588,10.788,14.936,3.634,3.456,3.31,17186.0,17186.0,122495.0,12027.0,12027.0,7176.0
hubert_base_ls960,10,10,2,checkpoint2.pt,epoch,17186,12027,11.533,16.164,22.852,3.512,3.252,3.094,17186.0,17186.0,122495.0,12027.0,12027.0,7176.0
hubert_base_ls960,10,10,3,checkpoint3.pt,epoch,17186,12027,6.459,74.025,78.625,4.341,1.078,0.907,17186.0,17186.0,122495.0,12027.0,12027.0,7176.0
hubert_base_ls960,10,10,4,checkpoint4.pt,epoch,17186,12027,3.613,87.554,89.058,4.538,0.638,0.55,17186.0,17186.0,122495.0,12027.0,12027.0,7176.0
hubert_base_ls960,10,10,5,checkpoint5.pt,epoch,17186,12027,4.946,87.554,89.804,4.638,0.61,0.504,17186.0,17186.0,122495.0,12027.0,12027.0,7176.0
hubert_base_ls960,10,10,6,checkpoint6.pt,epoch,17186,12027,8.146,83.836,89.211,4.228,0.745,0.54,17186.0,17186.0,122495.0,12027.0,12027.0,7176.0
hubert_base_ls960,10,10,7,checkpoint7.pt,epoch,17186,12027,15.117,76.411,89.27,3.85,1.02,0.538,17186.0,17186.0,122495.0,12027.0,12027.0,7176.0
hubert_base_ls960,10,10,8,checkpoint8.pt,epoch,17186,12027,27.092,63.72,88.491,3.211,1.628,0.584,17186.0,17186.0,122495.0,12027.0,12027.0,7176.0
hubert_base_ls960,10,10,9,checkpoint9.pt,epoch,17186,12027,46.73,43.908,87.475,2.044,2.833,0.703,17186.0,17186.0,122495.0,12027.0,12027.0,7176.0
hubert_base_ls960,10,10,10,checkpoint10.pt,epoch,17186,12027,71.401,21.582,86.204,1.125,4.645,0.86,17186.0,17186.0,122495.0,12027.0,12027.0,7176.0
hubert_base_ls960,10,10,11,checkpoint11.pt,epoch,17186,12027,90.417,6.156,85.701,0.468,6.708,0.992,17186.0,17186.0,122495.0,12027.0,12027.0,7176.0
hubert_base_ls960,10,10,12,checkpoint12.pt,epoch,17186,12027,97.37,1.635,84.812,0.186,8.895,1.146,17186.0,17186.0,122495.0,12027.0,12027.0,7176.0
hubert_base_ls960,10,10,13,checkpoint13.pt,epoch,17186,12027,99.156,0.57,85.809,0.085,9.462,1.152,17186.0,17186.0,122495.0,12027.0,12027.0,7176.0
hubert_base_ls960,10,10,14,checkpoint14.pt,epoch,17186,12027,99.721,0.198,85.888,0.042,10.403,1.197,17186.0,17186.0,122495.0,12027.0,12027.0,7176.0
hubert_base_ls960,10,10,15,checkpoint15.pt,epoch,17186,12027,99.837,0.134,86.102,0.027,10.744,1.217,17186.0,17186.0,122495.0,12027.0,12027.0,7176.0
hubert_base_ls960,10,10,16,checkpoint16.pt,epoch,17186,12027,99.901,0.087,86.221,0.019,11.126,1.237,17186.0,17186.0,122495.0,12027.0,12027.0,7176.0
hubert_base_ls960,10,10,17,checkpoint17.pt,epoch,17186,12027,99.924,0.07,86.173,0.015,11.438,1.259,17186.0,17186.0,122495.0,12027.0,12027.0,7176.0
hubert_base_ls960,10,10,18,checkpoint18.pt,epoch,17186,12027,99.93,0.052,86.354,0.014,11.434,1.27,17186.0,17186.0,122495.0,12027.0,12027.0,7176.0
hubert_base_ls960,10,10,19,checkpoint19.pt,epoch,17186,12027,99.959,0.035,86.329,0.011,11.663,1.285,17186.0,17186.0,122495.0,12027.0,12027.0,7176.0
hubert_base_ls960,10,10,20,checkpoint20.pt,epoch,17186,12027,99.953,0.041,86.395,0.01,11.708,1.293,17186.0,17186.0,122495.0,12027.0,12027.0,7176.0
hubert_base_ls960,10,10,21,checkpoint21.pt,epoch,17186,12027,99.971,0.029,86.352,0.009,11.901,1.303,17186.0,17186.0,122495.0,12027.0,12027.0,7176.0
hubert_base_ls960,10,10,22,checkpoint22.pt,epoch,17186,12027,99.953,0.047,86.396,0.009,11.995,1.307,17186.0,17186.0,122495.0,12027.0,12027.0,7176.0
hubert_base_ls960,10,10,23,checkpoint23.pt,epoch,17186,12027,99.971,0.029,86.283,0.008,12.133,1.317,17186.0,17186.0,122495.0,12027.0,12027.0,7176.0
hubert_base_ls960,10,10,24,checkpoint24.pt,epoch,17186,12027,99.971,0.029,86.395,0.008,12.077,1.317,17186.0,17186.0,122495.0,12027.0,12027.0,7176.0
hubert_base_ls960,10,10,25,checkpoint25.pt,epoch,17186,12027,99.977,0.023,86.359,0.007,12.142,1.322,17186.0,17186.0,122495.0,12027.0,12027.0,7176.0
hubert_base_ls960,10,10,26,checkpoint26.pt,epoch,17186,12027,99.988,0.012,86.36,0.007,12.164,1.325,17186.0,17186.0,122495.0,12027.0,12027.0,7176.0
hubert_base_ls960,10,10,27,checkpoint27.pt,epoch,17186,12027,99.994,0.006,86.346,0.007,12.207,1.327,17186.0,17186.0,122495.0,12027.0,12027.0,7176.0
hubert_base_ls960,10,10,28,checkpoint28.pt,epoch,17186,12027,99.994,0.006,86.353,0.007,12.219,1.329,17186.0,17186.0,122495.0,12027.0,12027.0,7176.0
hubert_base_ls960,10,10,29,checkpoint_last.pt,last,17186,12027,99.994,0.006,86.352,0.007,12.234,1.33,17186.0,17186.0,122495.0,12027.0,12027.0,7176.0
hubert_base_ls960,10,20,1,checkpoint1.pt,epoch,34291,12027,9.39,10.781,14.886,3.618,3.46,3.311,34291.0,34291.0,122495.0,12027.0,12027.0,7176.0
hubert_base_ls960,10,20,2,checkpoint2.pt,epoch,34291,12027,12.207,15.893,22.656,3.484,3.26,3.097,34291.0,34291.0,122495.0,12027.0,12027.0,7176.0
hubert_base_ls960,10,20,3,checkpoint3.pt,epoch,34291,12027,6.669,73.32,78.18,3.629,1.202,0.995,34291.0,34291.0,122495.0,12027.0,12027.0,7176.0
hubert_base_ls960,10,20,4,checkpoint4.pt,epoch,34291,12027,4.161,86.303,88.384,3.727,0.821,0.693,34291.0,34291.0,122495.0,12027.0,12027.0,7176.0
hubert_base_ls960,10,20,5,checkpoint5.pt,epoch,34291,12027,4.995,86.244,89.139,3.92,0.754,0.613,34291.0,34291.0,122495.0,12027.0,12027.0,7176.0
hubert_base_ls960,10,20,6,checkpoint6.pt,epoch,34291,12027,7.789,84.177,89.2,3.71,0.822,0.612,34291.0,34291.0,122495.0,12027.0,12027.0,7176.0
hubert_base_ls960,10,20,7,checkpoint7.pt,epoch,34291,12027,13.336,77.983,88.68,3.344,1.03,0.632,34291.0,34291.0,122495.0,12027.0,12027.0,7176.0
hubert_base_ls960,10,20,8,checkpoint8.pt,epoch,34291,12027,24.231,66.163,87.408,2.798,1.544,0.691,34291.0,34291.0,122495.0,12027.0,12027.0,7176.0
hubert_base_ls960,10,20,9,checkpoint9.pt,epoch,34291,12027,44.994,45.228,85.135,1.929,2.628,0.817,34291.0,34291.0,122495.0,12027.0,12027.0,7176.0
hubert_base_ls960,10,20,10,checkpoint10.pt,epoch,34291,12027,71.197,20.965,82.621,1.109,4.257,0.976,34291.0,34291.0,122495.0,12027.0,12027.0,7176.0
hubert_base_ls960,10,20,11,checkpoint11.pt,epoch,34291,12027,85.431,9.737,81.802,0.614,6.037,1.148,34291.0,34291.0,122495.0,12027.0,12027.0,7176.0
hubert_base_ls960,10,20,12,checkpoint12.pt,epoch,34291,12027,95.844,2.511,80.22,0.242,8.207,1.367,34291.0,34291.0,122495.0,12027.0,12027.0,7176.0
hubert_base_ls960,10,20,13,checkpoint13.pt,epoch,34291,12027,98.921,0.662,80.638,0.104,9.57,1.449,34291.0,34291.0,122495.0,12027.0,12027.0,7176.0
hubert_base_ls960,10,20,14,checkpoint14.pt,epoch,34291,12027,99.758,0.131,80.557,0.044,10.654,1.536,34291.0,34291.0,122495.0,12027.0,12027.0,7176.0
hubert_base_ls960,10,20,15,checkpoint15.pt,epoch,34291,12027,99.86,0.093,80.808,0.028,11.175,1.578,34291.0,34291.0,122495.0,12027.0,12027.0,7176.0
hubert_base_ls960,10,20,16,checkpoint16.pt,epoch,34291,12027,99.913,0.058,81.319,0.021,11.371,1.58,34291.0,34291.0,122495.0,12027.0,12027.0,7176.0
hubert_base_ls960,10,20,17,checkpoint17.pt,epoch,34291,12027,99.924,0.058,81.271,0.016,11.72,1.612,34291.0,34291.0,122495.0,12027.0,12027.0,7176.0
hubert_base_ls960,10,20,18,checkpoint18.pt,epoch,34291,12027,99.962,0.029,81.576,0.013,11.848,1.62,34291.0,34291.0,122495.0,12027.0,12027.0,7176.0
hubert_base_ls960,10,20,19,checkpoint19.pt,epoch,34291,12027,99.95,0.041,81.277,0.012,12.171,1.651,34291.0,34291.0,122495.0,12027.0,12027.0,7176.0
hubert_base_ls960,10,20,20,checkpoint20.pt,epoch,34291,12027,99.965,0.023,81.58,0.01,12.173,1.65,34291.0,34291.0,122495.0,12027.0,12027.0,7176.0
hubert_base_ls960,10,20,21,checkpoint21.pt,epoch,34291,12027,99.959,0.029,81.489,0.01,12.362,1.671,34291.0,34291.0,122495.0,12027.0,12027.0,7176.0
hubert_base_ls960,10,20,22,checkpoint22.pt,epoch,34291,12027,99.968,0.023,81.558,0.009,12.424,1.676,34291.0,34291.0,122495.0,12027.0,12027.0,7176.0
hubert_base_ls960,10,20,23,checkpoint23.pt,epoch,34291,12027,99.971,0.026,81.493,0.008,12.508,1.687,34291.0,34291.0,122495.0,12027.0,12027.0,7176.0
hubert_base_ls960,10,20,24,checkpoint24.pt,epoch,34291,12027,99.983,0.015,81.551,0.008,12.573,1.692,34291.0,34291.0,122495.0,12027.0,12027.0,7176.0
hubert_base_ls960,10,20,25,checkpoint25.pt,epoch,34291,12027,99.971,0.026,81.576,0.008,12.615,1.695,34291.0,34291.0,122495.0,12027.0,12027.0,7176.0
hubert_base_ls960,10,20,26,checkpoint26.pt,epoch,34291,12027,99.991,0.006,81.527,0.007,12.687,1.704,34291.0,34291.0,122495.0,12027.0,12027.0,7176.0
hubert_base_ls960,10,20,27,checkpoint27.pt,epoch,34291,12027,99.983,0.015,81.553,0.007,12.696,1.703,34291.0,34291.0,122495.0,12027.0,12027.0,7176.0
hubert_base_ls960,10,20,28,checkpoint28.pt,epoch,34291,12027,99.988,0.009,81.57,0.007,12.712,1.706,34291.0,34291.0,122495.0,12027.0,12027.0,7176.0
hubert_base_ls960,10,20,29,checkpoint_last.pt,last,34291,12027,99.983,0.015,81.578,0.007,12.732,1.707,34291.0,34291.0,122495.0,12027.0,12027.0,7176.0
hubert_base_ls960,10,30,1,checkpoint1.pt,epoch,51307,12027,9.135,10.248,14.809,3.618,3.468,3.313,51307.0,51307.0,122495.0,12027.0,12027.0,7176.0
hubert_base_ls960,10,30,2,checkpoint2.pt,epoch,51307,12027,12.271,15.183,22.349,3.472,3.271,3.103,51307.0,51307.0,122495.0,12027.0,12027.0,7176.0
hubert_base_ls960,10,30,3,checkpoint3.pt,epoch,51307,12027,7.262,70.862,76.42,3.084,1.431,1.19,51307.0,51307.0,122495.0,12027.0,12027.0,7176.0
hubert_base_ls960,10,30,4,checkpoint4.pt,epoch,51307,12027,4.181,85.71,88.039,3.398,0.949,0.797,51307.0,51307.0,122495.0,12027.0,12027.0,7176.0
hubert_base_ls960,10,30,5,checkpoint5.pt,epoch,51307,12027,5.11,85.696,88.771,3.322,0.957,0.783,51307.0,51307.0,122495.0,12027.0,12027.0,7176.0
hubert_base_ls960,10,30,6,checkpoint6.pt,epoch,51307,12027,7.477,83.651,88.488,3.246,0.992,0.767,51307.0,51307.0,122495.0,12027.0,12027.0,7176.0
hubert_base_ls960,10,30,7,checkpoint7.pt,epoch,51307,12027,12.355,78.03,87.497,3.036,1.155,0.775,51307.0,51307.0,122495.0,12027.0,12027.0,7176.0
hubert_base_ls960,10,30,8,checkpoint8.pt,epoch,51307,12027,23.554,65.196,85.672,2.566,1.621,0.824,51307.0,51307.0,122495.0,12027.0,12027.0,7176.0
hubert_base_ls960,10,30,9,checkpoint9.pt,epoch,51307,12027,46.274,40.737,81.415,1.819,2.656,0.979,51307.0,51307.0,122495.0,12027.0,12027.0,7176.0
hubert_base_ls960,10,30,10,checkpoint10.pt,epoch,51307,12027,67.831,22.445,78.537,1.184,4.036,1.149,51307.0,51307.0,122495.0,12027.0,12027.0,7176.0
hubert_base_ls960,10,30,11,checkpoint11.pt,epoch,51307,12027,86.429,6.837,73.62,0.596,6.386,1.502,51307.0,51307.0,122495.0,12027.0,12027.0,7176.0
hubert_base_ls960,10,30,12,checkpoint12.pt,epoch,51307,12027,94.845,1.863,71.551,0.287,8.54,1.831,51307.0,51307.0,122495.0,12027.0,12027.0,7176.0
hubert_base_ls960,10,30,13,checkpoint13.pt,epoch,51307,12027,97.77,1.3,73.815,0.154,9.638,1.907,51307.0,51307.0,122495.0,12027.0,12027.0,7176.0
hubert_base_ls960,10,30,14,checkpoint14.pt,epoch,51307,12027,99.573,0.212,72.876,0.058,11.048,2.061,51307.0,51307.0,122495.0,12027.0,12027.0,7176.0
hubert_base_ls960,10,30,15,checkpoint15.pt,epoch,51307,12027,99.791,0.142,74.384,0.035,11.49,2.058,51307.0,51307.0,122495.0,12027.0,12027.0,7176.0
hubert_base_ls960,10,30,16,checkpoint16.pt,epoch,51307,12027,99.904,0.055,73.53,0.02,12.251,2.166,51307.0,51307.0,122495.0,12027.0,12027.0,7176.0
hubert_base_ls960,10,30,17,checkpoint17.pt,epoch,51307,12027,99.916,0.049,74.495,0.016,12.379,2.148,51307.0,51307.0,122495.0,12027.0,12027.0,7176.0
hubert_base_ls960,10,30,18,checkpoint18.pt,epoch,51307,12027,99.934,0.047,74.289,0.014,12.615,2.197,51307.0,51307.0,122495.0,12027.0,12027.0,7176.0
hubert_base_ls960,10,30,19,checkpoint19.pt,epoch,51307,12027,99.943,0.035,74.814,0.011,12.736,2.188,51307.0,51307.0,122495.0,12027.0,12027.0,7176.0
hubert_base_ls960,10,30,20,checkpoint20.pt,epoch,51307,12027,99.961,0.023,75.098,0.01,12.826,2.193,51307.0,51307.0,122495.0,12027.0,12027.0,7176.0
hubert_base_ls960,10,30,21,checkpoint21.pt,epoch,51307,12027,99.965,0.021,74.931,0.009,12.993,2.222,51307.0,51307.0,122495.0,12027.0,12027.0,7176.0
hubert_base_ls960,10,30,22,checkpoint22.pt,epoch,51307,12027,99.959,0.029,74.836,0.009,13.14,2.243,51307.0,51307.0,122495.0,12027.0,12027.0,7176.0
hubert_base_ls960,10,30,23,checkpoint23.pt,epoch,51307,12027,99.965,0.023,74.758,0.008,13.252,2.263,51307.0,51307.0,122495.0,12027.0,12027.0,7176.0
hubert_base_ls960,10,30,24,checkpoint24.pt,epoch,51307,12027,99.963,0.025,74.973,0.008,13.248,2.255,51307.0,51307.0,122495.0,12027.0,12027.0,7176.0
hubert_base_ls960,10,30,25,checkpoint25.pt,epoch,51307,12027,99.967,0.021,75.09,0.007,13.251,2.253,51307.0,51307.0,122495.0,12027.0,12027.0,7176.0
hubert_base_ls960,10,30,26,checkpoint26.pt,epoch,51307,12027,99.973,0.018,75.188,0.007,13.256,2.25,51307.0,51307.0,122495.0,12027.0,12027.0,7176.0
hubert_base_ls960,10,30,27,checkpoint27.pt,epoch,51307,12027,99.979,0.012,74.999,0.007,13.359,2.271,51307.0,51307.0,122495.0,12027.0,12027.0,7176.0
hubert_base_ls960,10,30,28,checkpoint28.pt,epoch,51307,12027,99.971,0.019,75.055,0.007,13.36,2.269,51307.0,51307.0,122495.0,12027.0,12027.0,7176.0
hubert_base_ls960,10,30,29,checkpoint_last.pt,last,51307,12027,99.981,0.01,75.044,0.007,13.386,2.273,51307.0,51307.0,122495.0,12027.0,12027.0,7176.0
hubert_base_ls960,10,40,1,checkpoint1.pt,epoch,68410,12027,9.225,10.608,14.724,3.612,3.462,3.314,68410.0,68410.0,122495.0,12027.0,12027.0,7176.0
hubert_base_ls960,10,40,2,checkpoint2.pt,epoch,68410,12027,12.251,15.346,21.964,3.457,3.27,3.109,68410.0,68410.0,122495.0,12027.0,12027.0,7176.0
hubert_base_ls960,10,40,3,checkpoint3.pt,epoch,68410,12027,8.353,66.902,72.669,2.844,1.593,1.332,68410.0,68410.0,122495.0,12027.0,12027.0,7176.0
hubert_base_ls960,10,40,4,checkpoint4.pt,epoch,68410,12027,4.417,84.358,87.064,3.051,1.161,0.969,68410.0,68410.0,122495.0,12027.0,12027.0,7176.0
hubert_base_ls960,10,40,5,checkpoint5.pt,epoch,68410,12027,5.173,84.466,87.91,3.026,1.147,0.942,68410.0,68410.0,122495.0,12027.0,12027.0,7176.0
hubert_base_ls960,10,40,6,checkpoint6.pt,epoch,68410,12027,7.164,82.975,88.046,2.968,1.161,0.915,68410.0,68410.0,122495.0,12027.0,12027.0,7176.0
hubert_base_ls960,10,40,7,checkpoint7.pt,epoch,68410,12027,11.412,78.363,87.244,2.838,1.253,0.899,68410.0,68410.0,122495.0,12027.0,12027.0,7176.0
hubert_base_ls960,10,40,8,checkpoint8.pt,epoch,68410,12027,22.75,64.761,83.56,2.438,1.653,0.986,68410.0,68410.0,122495.0,12027.0,12027.0,7176.0
hubert_base_ls960,10,40,9,checkpoint9.pt,epoch,68410,12027,45.157,41.326,77.634,1.815,2.405,1.116,68410.0,68410.0,122495.0,12027.0,12027.0,7176.0
hubert_base_ls960,10,40,10,checkpoint10.pt,epoch,68410,12027,66.248,23.049,73.118,1.226,3.665,1.305,68410.0,68410.0,122495.0,12027.0,12027.0,7176.0
hubert_base_ls960,10,40,11,checkpoint11.pt,epoch,68410,12027,84.476,8.622,68.284,0.665,5.685,1.704,68410.0,68410.0,122495.0,12027.0,12027.0,7176.0
hubert_base_ls960,10,40,12,checkpoint12.pt,epoch,68410,12027,95.182,1.89,64.15,0.279,8.073,2.186,68410.0,68410.0,122495.0,12027.0,12027.0,7176.0
hubert_base_ls960,10,40,13,checkpoint13.pt,epoch,68410,12027,98.149,0.848,65.959,0.143,9.509,2.376,68410.0,68410.0,122495.0,12027.0,12027.0,7176.0
hubert_base_ls960,10,40,14,checkpoint14.pt,epoch,68410,12027,99.503,0.265,66.016,0.064,10.755,2.545,68410.0,68410.0,122495.0,12027.0,12027.0,7176.0
hubert_base_ls960,10,40,15,checkpoint15.pt,epoch,68410,12027,99.785,0.113,65.709,0.034,11.629,2.69,68410.0,68410.0,122495.0,12027.0,12027.0,7176.0
hubert_base_ls960,10,40,16,checkpoint16.pt,epoch,68410,12027,99.867,0.063,66.968,0.024,11.906,2.675,68410.0,68410.0,122495.0,12027.0,12027.0,7176.0
hubert_base_ls960,10,40,17,checkpoint17.pt,epoch,68410,12027,99.898,0.057,67.942,0.018,12.083,2.667,68410.0,68410.0,122495.0,12027.0,12027.0,7176.0
hubert_base_ls960,10,40,18,checkpoint18.pt,epoch,68410,12027,99.927,0.044,67.444,0.014,12.469,2.756,68410.0,68410.0,122495.0,12027.0,12027.0,7176.0
hubert_base_ls960,10,40,19,checkpoint19.pt,epoch,68410,12027,99.943,0.032,67.324,0.011,12.765,2.805,68410.0,68410.0,122495.0,12027.0,12027.0,7176.0
hubert_base_ls960,10,40,20,checkpoint20.pt,epoch,68410,12027,99.95,0.029,67.557,0.01,12.866,2.822,68410.0,68410.0,122495.0,12027.0,12027.0,7176.0
hubert_base_ls960,10,40,21,checkpoint21.pt,epoch,68410,12027,99.956,0.026,67.531,0.009,13.009,2.843,68410.0,68410.0,122495.0,12027.0,12027.0,7176.0
hubert_base_ls960,10,40,22,checkpoint22.pt,epoch,68410,12027,99.961,0.025,67.667,0.008,13.087,2.855,68410.0,68410.0,122495.0,12027.0,12027.0,7176.0
hubert_base_ls960,10,40,23,checkpoint23.pt,epoch,68410,12027,99.962,0.023,67.528,0.008,13.207,2.879,68410.0,68410.0,122495.0,12027.0,12027.0,7176.0
hubert_base_ls960,10,40,24,checkpoint24.pt,epoch,68410,12027,99.971,0.016,67.519,0.008,13.292,2.897,68410.0,68410.0,122495.0,12027.0,12027.0,7176.0
hubert_base_ls960,10,40,25,checkpoint25.pt,epoch,68410,12027,99.968,0.019,67.607,0.007,13.332,2.903,68410.0,68410.0,122495.0,12027.0,12027.0,7176.0
hubert_base_ls960,10,40,26,checkpoint26.pt,epoch,68410,12027,99.972,0.019,67.629,0.007,13.369,2.91,68410.0,68410.0,122495.0,12027.0,12027.0,7176.0
hubert_base_ls960,10,40,27,checkpoint27.pt,epoch,68410,12027,99.98,0.01,67.639,0.007,13.4,2.915,68410.0,68410.0,122495.0,12027.0,12027.0,7176.0
hubert_base_ls960,10,40,28,checkpoint28.pt,epoch,68410,12027,99.981,0.01,67.657,0.007,13.423,2.919,68410.0,68410.0,122495.0,12027.0,12027.0,7176.0
hubert_base_ls960,10,40,29,checkpoint_last.pt,last,68410,12027,99.982,0.009,67.639,0.007,13.444,2.923,68410.0,68410.0,122495.0,12027.0,12027.0,7176.0
hubert_base_ls960,10,50,1,checkpoint1.pt,epoch,85698,12027,9.08,10.564,14.643,3.614,3.464,3.316,85698.0,85698.0,122495.0,12027.0,12027.0,7176.0
hubert_base_ls960,10,50,2,checkpoint2.pt,epoch,85698,12027,12.361,15.215,21.611,3.452,3.276,3.115,85698.0,85698.0,122495.0,12027.0,12027.0,7176.0
hubert_base_ls960,10,50,3,checkpoint3.pt,epoch,85698,12027,11.984,52.836,59.504,2.57,1.941,1.64,85698.0,85698.0,122495.0,12027.0,12027.0,7176.0
hubert_base_ls960,10,50,4,checkpoint4.pt,epoch,85698,12027,4.958,82.75,85.846,2.781,1.407,1.17,85698.0,85698.0,122495.0,12027.0,12027.0,7176.0
hubert_base_ls960,10,50,5,checkpoint5.pt,epoch,85698,12027,5.63,83.119,86.412,2.796,1.357,1.127,85698.0,85698.0,122495.0,12027.0,12027.0,7176.0
hubert_base_ls960,10,50,6,checkpoint6.pt,epoch,85698,12027,7.89,80.526,85.945,2.704,1.416,1.145,85698.0,85698.0,122495.0,12027.0,12027.0,7176.0
hubert_base_ls960,10,50,7,checkpoint7.pt,epoch,85698,12027,12.744,74.891,84.369,2.603,1.467,1.103,85698.0,85698.0,122495.0,12027.0,12027.0,7176.0
hubert_base_ls960,10,50,8,checkpoint8.pt,epoch,85698,12027,26.556,57.968,78.445,2.278,1.803,1.164,85698.0,85698.0,122495.0,12027.0,12027.0,7176.0
hubert_base_ls960,10,50,9,checkpoint9.pt,epoch,85698,12027,48.009,36.79,72.158,1.746,2.487,1.278,85698.0,85698.0,122495.0,12027.0,12027.0,7176.0
hubert_base_ls960,10,50,10,checkpoint10.pt,epoch,85698,12027,70.327,17.983,64.774,1.131,3.844,1.589,85698.0,85698.0,122495.0,12027.0,12027.0,7176.0
hubert_base_ls960,10,50,11,checkpoint11.pt,epoch,85698,12027,86.59,6.413,59.387,0.61,5.82,2.067,85698.0,85698.0,122495.0,12027.0,12027.0,7176.0
hubert_base_ls960,10,50,12,checkpoint12.pt,epoch,85698,12027,95.554,1.685,57.128,0.271,8.018,2.597,85698.0,85698.0,122495.0,12027.0,12027.0,7176.0
hubert_base_ls960,10,50,13,checkpoint13.pt,epoch,85698,12027,98.411,0.61,57.276,0.129,9.587,2.942,85698.0,85698.0,122495.0,12027.0,12027.0,7176.0
hubert_base_ls960,10,50,14,checkpoint14.pt,epoch,85698,12027,99.524,0.216,58.073,0.059,10.904,3.175,85698.0,85698.0,122495.0,12027.0,12027.0,7176.0
hubert_base_ls960,10,50,15,checkpoint15.pt,epoch,85698,12027,99.814,0.092,58.715,0.031,11.675,3.302,85698.0,85698.0,122495.0,12027.0,12027.0,7176.0
hubert_base_ls960,10,50,16,checkpoint16.pt,epoch,85698,12027,99.89,0.062,58.217,0.021,12.249,3.476,85698.0,85698.0,122495.0,12027.0,12027.0,7176.0
hubert_base_ls960,10,50,17,checkpoint17.pt,epoch,85698,12027,99.916,0.043,58.813,0.016,12.545,3.498,85698.0,85698.0,122495.0,12027.0,12027.0,7176.0
hubert_base_ls960,10,50,18,checkpoint18.pt,epoch,85698,12027,99.938,0.037,58.708,0.012,12.835,3.587,85698.0,85698.0,122495.0,12027.0,12027.0,7176.0
hubert_base_ls960,10,50,19,checkpoint19.pt,epoch,85698,12027,99.961,0.025,58.9,0.01,13.034,3.617,85698.0,85698.0,122495.0,12027.0,12027.0,7176.0
hubert_base_ls960,10,50,20,checkpoint20.pt,epoch,85698,12027,99.96,0.028,59.044,0.009,13.198,3.651,85698.0,85698.0,122495.0,12027.0,12027.0,7176.0
hubert_base_ls960,10,50,21,checkpoint21.pt,epoch,85698,12027,99.966,0.022,59.165,0.008,13.319,3.676,85698.0,85698.0,122495.0,12027.0,12027.0,7176.0
hubert_base_ls960,10,50,22,checkpoint22.pt,epoch,85698,12027,99.971,0.02,59.452,0.008,13.378,3.683,85698.0,85698.0,122495.0,12027.0,12027.0,7176.0
hubert_base_ls960,10,50,23,checkpoint23.pt,epoch,85698,12027,99.964,0.026,59.234,0.007,13.525,3.732,85698.0,85698.0,122495.0,12027.0,12027.0,7176.0
hubert_base_ls960,10,50,24,checkpoint24.pt,epoch,85698,12027,99.973,0.02,59.187,0.007,13.61,3.754,85698.0,85698.0,122495.0,12027.0,12027.0,7176.0
hubert_base_ls960,10,50,25,checkpoint25.pt,epoch,85698,12027,99.975,0.019,59.213,0.006,13.664,3.767,85698.0,85698.0,122495.0,12027.0,12027.0,7176.0
hubert_base_ls960,10,50,26,checkpoint26.pt,epoch,85698,12027,99.984,0.013,59.114,0.006,13.733,3.789,85698.0,85698.0,122495.0,12027.0,12027.0,7176.0
hubert_base_ls960,10,50,27,checkpoint27.pt,epoch,85698,12027,99.977,0.02,59.21,0.006,13.747,3.789,85698.0,85698.0,122495.0,12027.0,12027.0,7176.0
hubert_base_ls960,10,50,28,checkpoint28.pt,epoch,85698,12027,99.985,0.013,59.245,0.006,13.766,3.794,85698.0,85698.0,122495.0,12027.0,12027.0,7176.0
hubert_base_ls960,10,50,29,checkpoint_last.pt,last,85698,12027,99.981,0.015,59.255,0.006,13.781,3.797,85698.0,85698.0,122495.0,12027.0,12027.0,7176.0
hubert_base_ls960,10,60,1,checkpoint1.pt,epoch,102716,12027,9.232,10.383,14.561,3.609,3.469,3.317,102716.0,102716.0,122495.0,12027.0,12027.0,7176.0
hubert_base_ls960,10,60,2,checkpoint2.pt,epoch,102716,12027,12.531,14.858,21.287,3.443,3.286,3.121,102716.0,102716.0,122495.0,12027.0,12027.0,7176.0
hubert_base_ls960,10,60,3,checkpoint3.pt,epoch,102716,12027,14.241,43.13,52.193,2.426,2.156,1.819,102716.0,102716.0,122495.0,12027.0,12027.0,7176.0
hubert_base_ls960,10,60,4,checkpoint4.pt,epoch,102716,12027,5.723,79.38,83.421,2.604,1.658,1.379,102716.0,102716.0,122495.0,12027.0,12027.0,7176.0
hubert_base_ls960,10,60,5,checkpoint5.pt,epoch,102716,12027,6.059,80.874,84.901,2.553,1.69,1.407,102716.0,102716.0,122495.0,12027.0,12027.0,7176.0
hubert_base_ls960,10,60,6,checkpoint6.pt,epoch,102716,12027,7.983,78.7,84.257,2.56,1.631,1.337,102716.0,102716.0,122495.0,12027.0,12027.0,7176.0
hubert_base_ls960,10,60,7,checkpoint7.pt,epoch,102716,12027,12.672,72.688,82.149,2.481,1.654,1.298,102716.0,102716.0,122495.0,12027.0,12027.0,7176.0
hubert_base_ls960,10,60,8,checkpoint8.pt,epoch,102716,12027,28.404,53.222,73.015,2.193,1.91,1.368,102716.0,102716.0,122495.0,12027.0,12027.0,7176.0
hubert_base_ls960,10,60,9,checkpoint9.pt,epoch,102716,12027,51.523,28.884,61.552,1.707,2.564,1.553,102716.0,102716.0,122495.0,12027.0,12027.0,7176.0
hubert_base_ls960,10,60,10,checkpoint10.pt,epoch,102716,12027,71.882,13.152,54.15,1.143,3.715,1.87,102716.0,102716.0,122495.0,12027.0,12027.0,7176.0
hubert_base_ls960,10,60,11,checkpoint11.pt,epoch,102716,12027,86.664,6.359,53.109,0.626,5.467,2.295,102716.0,102716.0,122495.0,12027.0,12027.0,7176.0
hubert_base_ls960,10,60,12,checkpoint12.pt,epoch,102716,12027,93.988,2.768,51.573,0.32,7.708,2.969,102716.0,102716.0,122495.0,12027.0,12027.0,7176.0
hubert_base_ls960,10,60,13,checkpoint13.pt,epoch,102716,12027,98.692,0.464,49.524,0.115,9.881,3.641,102716.0,102716.0,122495.0,12027.0,12027.0,7176.0
hubert_base_ls960,10,60,14,checkpoint14.pt,epoch,102716,12027,99.614,0.161,50.41,0.055,11.174,3.966,102716.0,102716.0,122495.0,12027.0,12027.0,7176.0
hubert_base_ls960,10,60,15,checkpoint15.pt,epoch,102716,12027,99.851,0.056,50.364,0.028,12.11,4.25,102716.0,102716.0,122495.0,12027.0,12027.0,7176.0
hubert_base_ls960,10,60,16,checkpoint16.pt,epoch,102716,12027,99.895,0.039,50.815,0.02,12.564,4.337,102716.0,102716.0,122495.0,12027.0,12027.0,7176.0
hubert_base_ls960,10,60,17,checkpoint17.pt,epoch,102716,12027,99.945,0.019,50.513,0.013,13.03,4.505,102716.0,102716.0,122495.0,12027.0,12027.0,7176.0
hubert_base_ls960,10,60,18,checkpoint18.pt,epoch,102716,12027,99.954,0.017,50.954,0.011,13.234,4.549,102716.0,102716.0,122495.0,12027.0,12027.0,7176.0
hubert_base_ls960,10,60,19,checkpoint19.pt,epoch,102716,12027,99.962,0.015,50.729,0.009,13.515,4.647,102716.0,102716.0,122495.0,12027.0,12027.0,7176.0
hubert_base_ls960,10,60,20,checkpoint20.pt,epoch,102716,12027,99.971,0.013,50.732,0.008,13.711,4.711,102716.0,102716.0,122495.0,12027.0,12027.0,7176.0
hubert_base_ls960,10,60,21,checkpoint21.pt,epoch,102716,12027,99.974,0.012,50.612,0.007,13.875,4.773,102716.0,102716.0,122495.0,12027.0,12027.0,7176.0
hubert_base_ls960,10,60,22,checkpoint22.pt,epoch,102716,12027,99.968,0.018,50.681,0.007,13.975,4.803,102716.0,102716.0,122495.0,12027.0,12027.0,7176.0
hubert_base_ls960,10,60,23,checkpoint23.pt,epoch,102716,12027,99.974,0.015,50.822,0.006,14.048,4.818,102716.0,102716.0,122495.0,12027.0,12027.0,7176.0
hubert_base_ls960,10,60,24,checkpoint24.pt,epoch,102716,12027,99.975,0.013,50.652,0.006,14.151,4.863,102716.0,102716.0,122495.0,12027.0,12027.0,7176.0
hubert_base_ls960,10,60,25,checkpoint25.pt,epoch,102716,12027,99.976,0.012,50.662,0.006,14.214,4.884,102716.0,102716.0,122495.0,12027.0,12027.0,7176.0
hubert_base_ls960,10,60,26,checkpoint26.pt,epoch,102716,12027,99.98,0.011,50.622,0.006,14.263,4.903,102716.0,102716.0,122495.0,12027.0,12027.0,7176.0
hubert_base_ls960,10,60,27,checkpoint27.pt,epoch,102716,12027,99.982,0.009,50.744,0.006,14.27,4.898,102716.0,102716.0,122495.0,12027.0,12027.0,7176.0
hubert_base_ls960,10,60,28,checkpoint28.pt,epoch,102716,12027,99.984,0.008,50.671,0.005,14.313,4.917,102716.0,102716.0,122495.0,12027.0,12027.0,7176.0
hubert_base_ls960,10,60,29,checkpoint_last.pt,last,102716,12027,99.984,0.008,50.716,0.005,14.32,4.916,102716.0,102716.0,122495.0,12027.0,12027.0,7176.0
hubert_base_ls960,10,70,1,checkpoint1.pt,epoch,119955,12027,9.215,10.42,14.489,3.608,3.468,3.319,119955.0,119955.0,122495.0,12027.0,12027.0,7176.0
hubert_base_ls960,10,70,2,checkpoint2.pt,epoch,119955,12027,12.62,14.554,20.899,3.438,3.29,3.128,119955.0,119955.0,122495.0,12027.0,12027.0,7176.0
hubert_base_ls960,10,70,3,checkpoint3.pt,epoch,119955,12027,23.349,7.061,22.287,2.333,2.378,2.012,119955.0,119955.0,122495.0,12027.0,12027.0,7176.0
hubert_base_ls960,10,70,4,checkpoint4.pt,epoch,119955,12027,10.421,60.191,67.586,2.404,2.079,1.738,119955.0,119955.0,122495.0,12027.0,12027.0,7176.0
hubert_base_ls960,10,70,5,checkpoint5.pt,epoch,119955,12027,7.715,73.259,79.204,2.431,1.973,1.64,119955.0,119955.0,122495.0,12027.0,12027.0,7176.0
hubert_base_ls960,10,70,6,checkpoint6.pt,epoch,119955,12027,10.363,68.571,76.277,2.39,2.029,1.681,119955.0,119955.0,122495.0,12027.0,12027.0,7176.0
hubert_base_ls960,10,70,7,checkpoint7.pt,epoch,119955,12027,14.453,64.37,75.352,2.37,1.943,1.569,119955.0,119955.0,122495.0,12027.0,12027.0,7176.0
hubert_base_ls960,10,70,8,checkpoint8.pt,epoch,119955,12027,28.411,44.647,63.558,2.212,2.054,1.576,119955.0,119955.0,122495.0,12027.0,12027.0,7176.0
hubert_base_ls960,10,70,9,checkpoint9.pt,epoch,119955,12027,47.8,26.701,53.733,1.826,2.473,1.695,119955.0,119955.0,122495.0,12027.0,12027.0,7176.0
hubert_base_ls960,10,70,10,checkpoint10.pt,epoch,119955,12027,66.627,12.593,44.987,1.311,3.507,2.122,119955.0,119955.0,122495.0,12027.0,12027.0,7176.0
hubert_base_ls960,10,70,11,checkpoint11.pt,epoch,119955,12027,83.114,5.956,44.187,0.77,4.992,2.607,119955.0,119955.0,122495.0,12027.0,12027.0,7176.0
hubert_base_ls960,10,70,12,checkpoint12.pt,epoch,119955,12027,93.192,1.843,41.166,0.356,7.533,3.57,119955.0,119955.0,122495.0,12027.0,12027.0,7176.0
hubert_base_ls960,10,70,13,checkpoint13.pt,epoch,119955,12027,97.276,0.841,42.421,0.171,9.476,4.272,119955.0,119955.0,122495.0,12027.0,12027.0,7176.0
hubert_base_ls960,10,70,14,checkpoint14.pt,epoch,119955,12027,99.102,0.207,40.15,0.07,11.87,5.351,119955.0,119955.0,122495.0,12027.0,12027.0,7176.0
hubert_base_ls960,10,70,15,checkpoint15.pt,epoch,119955,12027,99.707,0.097,42.716,0.035,12.704,5.507,119955.0,119955.0,122495.0,12027.0,12027.0,7176.0
hubert_base_ls960,10,70,16,checkpoint16.pt,epoch,119955,12027,99.908,0.031,41.435,0.016,13.808,6.015,119955.0,119955.0,122495.0,12027.0,12027.0,7176.0
hubert_base_ls960,10,70,17,checkpoint17.pt,epoch,119955,12027,99.94,0.018,41.93,0.011,14.237,6.172,119955.0,119955.0,122495.0,12027.0,12027.0,7176.0
hubert_base_ls960,10,70,18,checkpoint18.pt,epoch,119955,12027,99.953,0.018,41.862,0.009,14.616,6.342,119955.0,119955.0,122495.0,12027.0,12027.0,7176.0
hubert_base_ls960,10,70,19,checkpoint19.pt,epoch,119955,12027,99.962,0.016,41.725,0.007,14.922,6.472,119955.0,119955.0,122495.0,12027.0,12027.0,7176.0
hubert_base_ls960,10,70,20,checkpoint20.pt,epoch,119955,12027,99.958,0.02,41.933,0.006,15.112,6.544,119955.0,119955.0,122495.0,12027.0,12027.0,7176.0
hubert_base_ls960,10,70,21,checkpoint21.pt,epoch,119955,12027,99.968,0.013,41.856,0.005,15.248,6.612,119955.0,119955.0,122495.0,12027.0,12027.0,7176.0
hubert_base_ls960,10,70,22,checkpoint22.pt,epoch,119955,12027,99.967,0.017,42.141,0.005,15.315,6.623,119955.0,119955.0,122495.0,12027.0,12027.0,7176.0
hubert_base_ls960,10,70,23,checkpoint23.pt,epoch,119955,12027,99.969,0.017,42.014,0.005,15.444,6.701,119955.0,119955.0,122495.0,12027.0,12027.0,7176.0
hubert_base_ls960,10,70,24,checkpoint24.pt,epoch,119955,12027,99.966,0.017,41.986,0.004,15.518,6.728,119955.0,119955.0,122495.0,12027.0,12027.0,7176.0
hubert_base_ls960,10,70,25,checkpoint25.pt,epoch,119955,12027,99.966,0.018,41.896,0.004,15.595,6.771,119955.0,119955.0,122495.0,12027.0,12027.0,7176.0
hubert_base_ls960,10,70,26,checkpoint26.pt,epoch,119955,12027,99.97,0.014,41.861,0.004,15.631,6.789,119955.0,119955.0,122495.0,12027.0,12027.0,7176.0
hubert_base_ls960,10,70,27,checkpoint27.pt,epoch,119955,12027,99.971,0.015,41.919,0.004,15.67,6.806,119955.0,119955.0,122495.0,12027.0,12027.0,7176.0
hubert_base_ls960,10,70,28,checkpoint28.pt,epoch,119955,12027,99.976,0.012,41.931,0.004,15.687,6.812,119955.0,119955.0,122495.0,12027.0,12027.0,7176.0
hubert_base_ls960,10,70,29,checkpoint_last.pt,last,119955,12027,99.976,0.013,41.95,0.004,15.708,6.821,119955.0,119955.0,122495.0,12027.0,12027.0,7176.0
hubert_base_ls960,10,80,1,checkpoint1.pt,epoch,136753,12027,9.228,10.441,14.377,3.603,3.471,3.321,136753.0,136753.0,122495.0,12027.0,12027.0,7176.0
hubert_base_ls960,10,80,2,checkpoint2.pt,epoch,136753,12027,12.66,14.357,20.442,3.431,3.299,3.136,136753.0,136753.0,122495.0,12027.0,12027.0,7176.0
hubert_base_ls960,10,80,3,checkpoint3.pt,epoch,136753,12027,19.556,21.265,33.577,2.34,2.348,1.985,136753.0,136753.0,122495.0,12027.0,12027.0,7176.0
hubert_base_ls960,10,80,4,checkpoint4.pt,epoch,136753,12027,16.044,36.045,46.481,2.343,2.289,1.926,136753.0,136753.0,122495.0,12027.0,12027.0,7176.0
hubert_base_ls960,10,80,5,checkpoint5.pt,epoch,136753,12027,23.916,4.695,19.886,2.315,2.371,1.993,136753.0,136753.0,122495.0,12027.0,12027.0,7176.0
hubert_base_ls960,10,80,6,checkpoint6.pt,epoch,136753,12027,23.572,18.19,32.649,2.315,2.333,1.959,136753.0,136753.0,122495.0,12027.0,12027.0,7176.0
hubert_base_ls960,10,80,7,checkpoint7.pt,epoch,136753,12027,24.539,21.06,34.664,2.303,2.324,1.947,136753.0,136753.0,122495.0,12027.0,12027.0,7176.0
hubert_base_ls960,10,80,8,checkpoint8.pt,epoch,136753,12027,33.66,15.437,32.116,2.226,2.392,1.982,136753.0,136753.0,122495.0,12027.0,12027.0,7176.0
hubert_base_ls960,10,80,9,checkpoint9.pt,epoch,136753,12027,43.165,14.53,33.413,2.033,2.548,2.045,136753.0,136753.0,122495.0,12027.0,12027.0,7176.0
hubert_base_ls960,10,80,10,checkpoint10.pt,epoch,136753,12027,59.315,8.893,31.106,1.625,3.074,2.296,136753.0,136753.0,122495.0,12027.0,12027.0,7176.0
hubert_base_ls960,10,80,11,checkpoint11.pt,epoch,136753,12027,73.225,6.843,33.43,1.169,3.816,2.555,136753.0,136753.0,122495.0,12027.0,12027.0,7176.0
hubert_base_ls960,10,80,12,checkpoint12.pt,epoch,136753,12027,86.903,3.308,32.976,0.645,5.623,3.362,136753.0,136753.0,122495.0,12027.0,12027.0,7176.0
hubert_base_ls960,10,80,13,checkpoint13.pt,epoch,136753,12027,93.531,1.354,32.143,0.352,7.599,4.296,136753.0,136753.0,122495.0,12027.0,12027.0,7176.0
hubert_base_ls960,10,80,14,checkpoint14.pt,epoch,136753,12027,98.089,0.448,32.712,0.135,10.377,5.634,136753.0,136753.0,122495.0,12027.0,12027.0,7176.0
hubert_base_ls960,10,80,15,checkpoint15.pt,epoch,136753,12027,99.327,0.18,33.348,0.063,11.962,6.376,136753.0,136753.0,122495.0,12027.0,12027.0,7176.0
hubert_base_ls960,10,80,16,checkpoint16.pt,epoch,136753,12027,99.861,0.027,32.745,0.025,13.394,7.119,136753.0,136753.0,122495.0,12027.0,12027.0,7176.0
hubert_base_ls960,10,80,17,checkpoint17.pt,epoch,136753,12027,99.945,0.015,33.033,0.013,14.144,7.471,136753.0,136753.0,122495.0,12027.0,12027.0,7176.0
hubert_base_ls960,10,80,18,checkpoint18.pt,epoch,136753,12027,99.969,0.005,32.914,0.009,14.644,7.758,136753.0,136753.0,122495.0,12027.0,12027.0,7176.0
hubert_base_ls960,10,80,19,checkpoint19.pt,epoch,136753,12027,99.968,0.011,32.956,0.007,14.983,7.941,136753.0,136753.0,122495.0,12027.0,12027.0,7176.0
hubert_base_ls960,10,80,20,checkpoint20.pt,epoch,136753,12027,99.973,0.007,32.79,0.006,15.269,8.116,136753.0,136753.0,122495.0,12027.0,12027.0,7176.0
hubert_base_ls960,10,80,21,checkpoint21.pt,epoch,136753,12027,99.976,0.006,32.992,0.005,15.38,8.161,136753.0,136753.0,122495.0,12027.0,12027.0,7176.0
hubert_base_ls960,10,80,22,checkpoint22.pt,epoch,136753,12027,99.974,0.009,32.888,0.005,15.532,8.257,136753.0,136753.0,122495.0,12027.0,12027.0,7176.0
hubert_base_ls960,10,80,23,checkpoint23.pt,epoch,136753,12027,99.976,0.007,32.906,0.004,15.642,8.322,136753.0,136753.0,122495.0,12027.0,12027.0,7176.0
hubert_base_ls960,10,80,24,checkpoint24.pt,epoch,136753,12027,99.976,0.007,32.945,0.004,15.702,8.343,136753.0,136753.0,122495.0,12027.0,12027.0,7176.0
hubert_base_ls960,10,80,25,checkpoint25.pt,epoch,136753,12027,99.977,0.005,32.939,0.004,15.777,8.393,136753.0,136753.0,122495.0,12027.0,12027.0,7176.0
hubert_base_ls960,10,80,26,checkpoint26.pt,epoch,136753,12027,99.976,0.007,32.996,0.004,15.803,8.398,136753.0,136753.0,122495.0,12027.0,12027.0,7176.0
hubert_base_ls960,10,80,27,checkpoint27.pt,epoch,136753,12027,99.977,0.005,32.907,0.004,15.871,8.446,136753.0,136753.0,122495.0,12027.0,12027.0,7176.0
hubert_base_ls960,10,80,28,checkpoint28.pt,epoch,136753,12027,99.977,0.007,32.936,0.004,15.889,8.452,136753.0,136753.0,122495.0,12027.0,12027.0,7176.0
hubert_base_ls960,10,80,29,checkpoint_last.pt,last,136753,12027,99.978,0.004,32.961,0.004,15.908,8.462,136753.0,136753.0,122495.0,12027.0,12027.0,7176.0
hubert_base_ls960,10,90,1,checkpoint1.pt,epoch,153876,12027,9.207,10.351,14.272,3.605,3.474,3.324,153876.0,153876.0,122495.0,12027.0,12027.0,7176.0
hubert_base_ls960,10,90,2,checkpoint2.pt,epoch,153876,12027,12.739,14.018,19.992,3.43,3.31,3.146,153876.0,153876.0,122495.0,12027.0,12027.0,7176.0
hubert_base_ls960,10,90,3,checkpoint3.pt,epoch,153876,12027,23.056,8.567,23.913,2.325,2.476,2.088,153876.0,153876.0,122495.0,12027.0,12027.0,7176.0
hubert_base_ls960,10,90,4,checkpoint4.pt,epoch,153876,12027,26.102,1.103,17.16,2.254,2.684,2.261,153876.0,153876.0,122495.0,12027.0,12027.0,7176.0
hubert_base_ls960,10,90,5,checkpoint5.pt,epoch,153876,12027,27.228,2.312,18.149,2.22,2.866,2.41,153876.0,153876.0,122495.0,12027.0,12027.0,7176.0
hubert_base_ls960,10,90,6,checkpoint6.pt,epoch,153876,12027,30.912,1.566,17.66,2.174,3.027,2.54,153876.0,153876.0,122495.0,12027.0,12027.0,7176.0
hubert_base_ls960,10,90,7,checkpoint7.pt,epoch,153876,12027,37.741,2.626,19.024,2.077,3.271,2.723,153876.0,153876.0,122495.0,12027.0,12027.0,7176.0
hubert_base_ls960,10,90,8,checkpoint8.pt,epoch,153876,12027,48.328,2.94,20.134,1.879,3.625,2.955,153876.0,153876.0,122495.0,12027.0,12027.0,7176.0
hubert_base_ls960,10,90,9,checkpoint9.pt,epoch,153876,12027,62.37,2.439,20.753,1.521,4.24,3.336,153876.0,153876.0,122495.0,12027.0,12027.0,7176.0
hubert_base_ls960,10,90,10,checkpoint10.pt,epoch,153876,12027,76.272,2.501,22.899,1.066,5.19,3.833,153876.0,153876.0,122495.0,12027.0,12027.0,7176.0
hubert_base_ls960,10,90,11,checkpoint11.pt,epoch,153876,12027,88.202,1.14,22.661,0.603,7.315,5.127,153876.0,153876.0,122495.0,12027.0,12027.0,7176.0
hubert_base_ls960,10,90,12,checkpoint12.pt,epoch,153876,12027,94.85,0.644,23.87,0.297,9.39,6.207,153876.0,153876.0,122495.0,12027.0,12027.0,7176.0
hubert_base_ls960,10,90,13,checkpoint13.pt,epoch,153876,12027,97.95,0.348,25.363,0.147,10.979,6.989,153876.0,153876.0,122495.0,12027.0,12027.0,7176.0
hubert_base_ls960,10,90,14,checkpoint14.pt,epoch,153876,12027,99.507,0.081,25.061,0.056,12.981,8.143,153876.0,153876.0,122495.0,12027.0,12027.0,7176.0
hubert_base_ls960,10,90,15,checkpoint15.pt,epoch,153876,12027,99.873,0.019,24.643,0.024,14.3,8.946,153876.0,153876.0,122495.0,12027.0,12027.0,7176.0
hubert_base_ls960,10,90,16,checkpoint16.pt,epoch,153876,12027,99.928,0.01,24.374,0.014,15.072,9.433,153876.0,153876.0,122495.0,12027.0,12027.0,7176.0
hubert_base_ls960,10,90,17,checkpoint17.pt,epoch,153876,12027,99.954,0.006,24.678,0.01,15.467,9.626,153876.0,153876.0,122495.0,12027.0,12027.0,7176.0
hubert_base_ls960,10,90,18,checkpoint18.pt,epoch,153876,12027,99.958,0.006,24.827,0.008,15.692,9.76,153876.0,153876.0,122495.0,12027.0,12027.0,7176.0
hubert_base_ls960,10,90,19,checkpoint19.pt,epoch,153876,12027,99.969,0.003,24.742,0.007,15.962,9.939,153876.0,153876.0,122495.0,12027.0,12027.0,7176.0
hubert_base_ls960,10,90,20,checkpoint20.pt,epoch,153876,12027,99.968,0.005,24.838,0.006,16.137,10.037,153876.0,153876.0,122495.0,12027.0,12027.0,7176.0
hubert_base_ls960,10,90,21,checkpoint21.pt,epoch,153876,12027,99.971,0.005,24.714,0.005,16.334,10.179,153876.0,153876.0,122495.0,12027.0,12027.0,7176.0
hubert_base_ls960,10,90,22,checkpoint22.pt,epoch,153876,12027,99.973,0.004,24.723,0.005,16.412,10.227,153876.0,153876.0,122495.0,12027.0,12027.0,7176.0
hubert_base_ls960,10,90,23,checkpoint23.pt,epoch,153876,12027,99.977,0.003,24.734,0.004,16.514,10.291,153876.0,153876.0,122495.0,12027.0,12027.0,7176.0
hubert_base_ls960,10,90,24,checkpoint24.pt,epoch,153876,12027,99.974,0.004,24.696,0.004,16.599,10.352,153876.0,153876.0,122495.0,12027.0,12027.0,7176.0
hubert_base_ls960,10,90,25,checkpoint25.pt,epoch,153876,12027,99.975,0.004,24.689,0.004,16.636,10.37,153876.0,153876.0,122495.0,12027.0,12027.0,7176.0
hubert_base_ls960,10,90,26,checkpoint26.pt,epoch,153876,12027,99.979,0.002,24.671,0.004,16.705,10.425,153876.0,153876.0,122495.0,12027.0,12027.0,7176.0
hubert_base_ls960,10,90,27,checkpoint27.pt,epoch,153876,12027,99.981,0.003,24.721,0.004,16.71,10.417,153876.0,153876.0,122495.0,12027.0,12027.0,7176.0
hubert_base_ls960,10,90,28,checkpoint28.pt,epoch,153876,12027,99.983,0.001,24.679,0.004,16.76,10.459,153876.0,153876.0,122495.0,12027.0,12027.0,7176.0
hubert_base_ls960,10,90,29,checkpoint_last.pt,last,153876,12027,99.984,0.001,24.669,0.004,16.78,10.472,153876.0,153876.0,122495.0,12027.0,12027.0,7176.0
